ticker,day_1,day_2,day_3,day_4,day_5,day_6,day_7,day_1_date,day_2_date,day_3_date,day_4_date,day_5_date,day_6_date,day_7_date,month_1,month_2,month_3,month_4,month_5,month_6,month_7,month_1_date,month_2_date,month_3_date,month_4_date,month_5_date,month_6_date,month_7_date
AA,7.13,7.04,7.11,7.05,7.12,7.21,7.16,1970-03-25,1970-03-26,1970-03-30,1970-03-31,1970-04-01,1970-04-02,1970-04-03,6.41,5.05,5.05,4.85,5.14,5.06,5.22,1970-04-27,1970-05-25,1970-06-25,1970-07-27,1970-08-25,1970-09-25,1970-10-26
ABCM,19.75,18.90,19.40,19.46,19.11,19.12,19.00,2020-10-22,2020-10-23,2020-10-26,2020-10-27,2020-10-28,2020-10-29,2020-10-30,18.44,,,,,,,2020-11-23,,,,,,
ABNB,144.71,139.25,130.00,124.80,137.99,,,2020-12-10,2020-12-11,2020-12-14,2020-12-15,2020-12-16,,,,,,,,,,,,,,,,
ACA,29.13,28.33,29.49,32.93,32.58,30.31,30.88,2018-11-05,2018-11-06,2018-11-07,2018-11-08,2018-11-09,2018-11-12,2018-11-13,26.52,30.45,29.63,34.65,31.30,37.62,36.20,2018-12-06,2019-01-07,2019-02-05,2019-03-05,2019-04-05,2019-05-06,2019-06-05
ACCD,0.55,29.70,30.00,30.15,34.31,34.00,34.90,2020-07-01,2020-07-02,2020-07-06,2020-07-07,2020-07-08,2020-07-09,2020-07-10,33.03,32.73,37.81,33.26,54.35,,,2020-08-03,2020-09-01,2020-10-01,2020-11-02,2020-12-01,,
ACI,15.45,15.57,15.77,15.76,15.81,15.52,15.18,2020-06-26,2020-06-29,2020-06-30,2020-07-01,2020-07-02,2020-07-06,2020-07-07,15.24,14.70,13.61,14.80,15.86,,,2020-07-27,2020-08-26,2020-09-28,2020-10-26,2020-11-27,,
ACIA,30.95,28.12,28.45,28.00,28.38,29.38,32.70,2016-05-13,2016-05-16,2016-05-17,2016-05-18,2016-05-19,2016-05-20,2016-05-23,36.26,49.62,102.33,106.30,93.92,67.41,65.59,2016-06-13,2016-07-13,2016-08-15,2016-09-13,2016-10-13,2016-11-14,2016-12-13
ADCT,30.00,31.14,32.38,34.33,35.30,36.40,36.14,2020-05-18,2020-05-19,2020-05-20,2020-05-21,2020-05-22,2020-05-26,2020-05-27,40.30,48.69,39.00,45.50,28.65,33.50,,2020-06-18,2020-07-20,2020-08-18,2020-09-18,2020-10-19,2020-11-18,
ADNT,49.35,49.23,49.34,49.34,47.75,46.75,44.35,2016-10-17,2016-10-18,2016-10-19,2016-10-20,2016-10-21,2016-10-24,2016-10-25,53.50,52.62,62.88,64.01,72.82,67.27,68.20,2016-11-17,2016-12-19,2017-01-17,2017-02-17,2017-03-17,2017-04-17,2017-05-17
ADPT,40.30,48.30,40.10,38.89,39.16,40.51,37.51,2019-06-27,2019-06-28,2019-07-01,2019-07-02,2019-07-03,2019-07-05,2019-07-08,37.76,44.49,30.31,26.09,27.83,29.27,30.46,2019-07-29,2019-08-27,2019-09-27,2019-10-28,2019-11-27,2019-12-27,2020-01-27
ADT,12.39,11.45,11.91,11.91,11.90,11.90,12.08,2018-01-19,2018-01-22,2018-01-23,2018-01-24,2018-01-25,2018-01-26,2018-01-29,11.59,9.14,9.38,7.75,8.26,9.36,8.69,2018-02-20,2018-03-19,2018-04-19,2018-05-21,2018-06-19,2018-07-19,2018-08-20
ADV,10.40,10.40,10.40,10.40,10.90,10.58,10.59,2020-01-02,2020-01-03,2020-01-06,2020-01-07,2020-01-08,2020-01-09,2020-01-10,10.80,11.09,9.90,10.45,10.85,11.30,10.96,2020-02-03,2020-03-02,2020-04-02,2020-05-04,2020-06-02,2020-07-02,2020-08-03
AFYA,23.84,23.56,24.52,27.45,27.66,28.15,28.62,2019-07-19,2019-07-22,2019-07-23,2019-07-24,2019-07-25,2019-07-26,2019-07-29,27.03,24.02,25.30,27.64,28.55,29.13,26.45,2019-08-19,2019-09-19,2019-10-21,2019-11-19,2019-12-19,2020-01-21,2020-02-19
AGR,36.12,33.26,33.81,35.08,36.96,37.45,36.60,2015-12-17,2015-12-18,2015-12-21,2015-12-22,2015-12-23,2015-12-24,2015-12-28,38.72,41.31,39.68,38.45,40.59,43.44,45.91,2016-01-19,2016-02-17,2016-03-17,2016-04-18,2016-05-17,2016-06-17,2016-07-18
AHCO,9.70,9.70,9.70,9.70,9.70,9.70,9.70,2018-05-31,2018-06-01,2018-06-04,2018-06-05,2018-06-06,2018-06-07,2018-06-08,9.61,9.70,9.74,9.72,9.78,9.80,9.83,2018-07-02,2018-07-31,2018-08-31,2018-10-01,2018-10-31,2018-11-30,2018-12-31
AI,92.49,130.00,119.58,102.36,102.00,113.69,,2020-12-09,2020-12-10,2020-12-11,2020-12-14,2020-12-15,2020-12-16,,,,,,,,,,,,,,,
ALC,58.04,57.30,55.60,54.43,55.75,57.02,56.61,2019-04-09,2019-04-10,2019-04-11,2019-04-12,2019-04-15,2019-04-16,2019-04-17,60.69,59.11,60.69,59.95,58.60,56.25,58.31,2019-05-09,2019-06-10,2019-07-09,2019-08-09,2019-09-09,2019-10-09,2019-11-11
ALGM,17.70,18.30,19.75,21.00,21.00,22.75,24.00,2020-10-29,2020-10-30,2020-11-02,2020-11-03,2020-11-04,2020-11-05,2020-11-06,23.95,,,,,,,2020-11-30,,,,,,
ALLK,31.25,35.05,36.29,38.12,39.30,39.97,39.79,2018-07-19,2018-07-20,2018-07-23,2018-07-24,2018-07-25,2018-07-26,2018-07-27,40.38,45.28,43.11,55.32,47.17,41.15,34.99,2018-08-20,2018-09-19,2018-10-19,2018-11-19,2018-12-19,2019-01-22,2019-02-19
ALLO,25.00,26.81,26.96,25.87,24.98,23.80,23.40,2018-10-11,2018-10-12,2018-10-15,2018-10-16,2018-10-17,2018-10-18,2018-10-19,27.02,25.99,29.51,30.27,28.26,26.60,29.82,2018-11-12,2018-12-11,2019-01-11,2019-02-11,2019-03-11,2019-04-11,2019-05-13
ALTR,18.31,17.41,19.37,18.97,19.51,20.36,20.40,2017-11-01,2017-11-02,2017-11-03,2017-11-06,2017-11-07,2017-11-08,2017-11-09,23.46,24.27,27.49,26.25,30.15,28.75,35.78,2017-12-01,2018-01-02,2018-02-01,2018-03-01,2018-04-02,2018-05-01,2018-06-01
ALVR,25.39,24.90,25.85,29.40,30.55,32.24,34.51,2020-07-30,2020-07-31,2020-08-03,2020-08-04,2020-08-05,2020-08-06,2020-08-07,32.39,27.50,26.43,39.61,,,,2020-08-31,2020-09-30,2020-10-30,2020-11-30,,,
ALXO,30.00,30.33,30.77,29.36,29.70,30.25,29.90,2020-07-17,2020-07-20,2020-07-21,2020-07-22,2020-07-23,2020-07-24,2020-07-27,47.10,38.22,41.57,65.58,,,,2020-08-17,2020-09-17,2020-10-19,2020-11-17,,,
AM,22.00,22.28,22.03,22.00,21.54,21.25,21.50,2017-05-04,2017-05-05,2017-05-08,2017-05-09,2017-05-10,2017-05-11,2017-05-12,22.30,21.12,20.33,19.60,20.02,18.23,17.95,2017-06-05,2017-07-05,2017-08-04,2017-09-05,2017-10-04,2017-11-06,2017-12-04
AMCR,7.70,7.70,7.70,7.70,7.70,7.70,7.70,2012-05-15,2012-05-16,2012-05-17,2012-05-18,2012-05-21,2012-05-22,2012-05-23,7.40,7.40,7.40,7.55,7.95,7.90,8.20,2012-06-15,2012-07-16,2012-08-15,2012-09-17,2012-10-15,2012-11-15,2012-12-17
AMK,27.04,27.25,26.60,26.05,26.25,26.53,27.90,2019-07-18,2019-07-19,2019-07-22,2019-07-23,2019-07-24,2019-07-25,2019-07-26,25.08,27.41,27.16,24.82,28.08,29.89,32.23,2019-08-19,2019-09-18,2019-10-18,2019-11-18,2019-12-18,2020-01-21,2020-02-18
AMWL,23.07,22.91,22.80,24.70,28.50,27.72,28.00,2020-09-17,2020-09-18,2020-09-21,2020-09-22,2020-09-23,2020-09-24,2020-09-25,34.88,21.66,,,,,,2020-10-19,2020-11-17,,,,,
APG,10.40,10.10,9.90,9.75,9.90,9.82,9.84,2020-04-29,2020-04-30,2020-05-01,2020-05-04,2020-05-05,2020-05-06,2020-05-07,11.27,12.24,13.78,14.14,14.19,14.10,15.50,2020-05-29,2020-06-29,2020-07-29,2020-08-31,2020-09-29,2020-10-29,2020-11-30
API,50.50,47.00,44.17,48.79,56.49,58.98,58.30,2020-06-26,2020-06-29,2020-06-30,2020-07-01,2020-07-02,2020-07-06,2020-07-07,38.74,47.20,46.38,41.71,40.65,,,2020-07-27,2020-08-26,2020-09-28,2020-10-26,2020-11-27,,
APLS,14.03,14.00,14.10,13.93,13.83,13.82,13.79,2017-11-09,2017-11-10,2017-11-13,2017-11-14,2017-11-15,2017-11-16,2017-11-17,14.52,21.79,14.01,22.26,22.82,24.44,20.55,2017-12-11,2018-01-09,2018-02-09,2018-03-09,2018-04-09,2018-05-09,2018-06-11
APPN,15.01,17.11,17.90,17.65,17.94,17.85,19.58,2017-05-25,2017-05-26,2017-05-30,2017-05-31,2017-06-01,2017-06-02,2017-06-05,18.25,20.25,21.88,22.33,22.27,21.19,29.50,2017-06-26,2017-07-25,2017-08-25,2017-09-25,2017-10-25,2017-11-27,2017-12-26
AQUA,20.88,20.32,20.40,20.26,20.30,20.39,20.68,2017-11-02,2017-11-03,2017-11-06,2017-11-07,2017-11-08,2017-11-09,2017-11-10,22.50,23.82,22.21,23.23,20.88,19.78,18.62,2017-12-04,2018-01-02,2018-02-02,2018-03-02,2018-04-02,2018-05-02,2018-06-04
ARCE,23.50,23.69,22.80,21.98,21.92,23.22,22.61,2018-09-26,2018-09-27,2018-09-28,2018-10-01,2018-10-02,2018-10-03,2018-10-04,21.71,24.19,20.59,24.40,25.62,31.05,31.93,2018-10-26,2018-11-26,2018-12-26,2019-01-28,2019-02-26,2019-03-26,2019-04-26
ARD,22.91,22.55,22.01,21.53,21.27,21.47,21.80,2017-03-15,2017-03-16,2017-03-17,2017-03-20,2017-03-21,2017-03-22,2017-03-23,20.89,21.80,22.42,23.18,21.21,20.76,21.12,2017-04-17,2017-05-15,2017-06-15,2017-07-17,2017-08-15,2017-09-15,2017-10-16
ARGX,23.00,21.85,21.41,20.97,20.62,21.41,20.15,2017-05-18,2017-05-19,2017-05-22,2017-05-23,2017-05-24,2017-05-25,2017-05-26,20.14,20.76,20.55,21.30,24.10,24.58,58.06,2017-06-19,2017-07-18,2017-08-18,2017-09-18,2017-10-18,2017-11-20,2017-12-18
ARNC,6.92,6.21,8.06,7.30,7.30,10.03,10.79,2020-04-01,2020-04-02,2020-04-03,2020-04-06,2020-04-07,2020-04-08,2020-04-09,8.55,14.93,13.23,17.26,22.72,,22.56,2020-05-01,2020-06-01,2020-07-01,2020-08-03,2020-09-01,2020-10-01,2020-11-02
ARRY,36.45,38.95,38.95,38.50,39.34,43.94,42.00,2020-10-15,2020-10-16,2020-10-19,2020-10-20,2020-10-21,2020-10-22,2020-10-23,39.32,38.64,,,,,,2020-11-16,2020-12-15,,,,,
ARVN,16.05,16.87,16.01,14.81,15.65,15.40,15.01,2018-09-27,2018-09-28,2018-10-01,2018-10-02,2018-10-03,2018-10-04,2018-10-05,16.89,17.25,12.53,17.03,19.69,15.37,21.75,2018-10-29,2018-11-27,2018-12-27,2019-01-28,2019-02-27,2019-03-27,2019-04-29
ASAN,28.80,26.13,25.91,25.19,26.00,26.48,26.53,2020-09-30,2020-10-01,2020-10-02,2020-10-05,2020-10-06,2020-10-07,2020-10-08,22.11,27.95,,,,,,2020-10-30,2020-11-30,,,,,
ASO,12.99,13.15,13.04,13.18,13.28,13.30,13.45,2020-10-02,2020-10-05,2020-10-06,2020-10-07,2020-10-08,2020-10-09,2020-10-12,15.13,16.41,,,,,,2020-11-02,2020-12-02,,,,,
ASX,3.43,3.64,3.36,3.39,3.61,3.68,3.68,2000-10-02,2000-10-03,2000-10-04,2000-10-05,2000-10-06,2000-10-09,2000-10-10,3.32,2.72,1.87,3.26,2.60,2.43,2.30,2000-11-02,2000-12-04,2001-01-02,2001-02-02,2001-03-02,2001-04-02,2001-05-02
ATH,44.05,45.50,45.46,45.82,46.90,46.51,45.73,2016-12-09,2016-12-12,2016-12-13,2016-12-14,2016-12-15,2016-12-16,2016-12-19,46.93,51.27,51.62,52.20,53.75,50.03,49.64,2017-01-09,2017-02-09,2017-03-09,2017-04-10,2017-05-09,2017-06-09,2017-07-10
ATKR,16.00,16.25,16.07,16.13,16.10,16.00,16.52,2016-06-10,2016-06-13,2016-06-14,2016-06-15,2016-06-16,2016-06-17,2016-06-20,16.68,17.50,17.86,19.33,20.89,21.26,24.26,2016-07-11,2016-08-10,2016-09-12,2016-10-10,2016-11-10,2016-12-12,2017-01-10
ATUS,32.71,34.30,33.90,32.86,32.91,32.68,32.30,2017-06-22,2017-06-23,2017-06-26,2017-06-27,2017-06-28,2017-06-29,2017-06-30,30.96,30.86,27.30,25.60,19.33,21.01,21.90,2017-07-24,2017-08-22,2017-09-22,2017-10-23,2017-11-22,2017-12-22,2018-01-22
AVIR,30.34,29.74,28.15,31.03,34.00,34.17,26.36,2020-10-30,2020-11-02,2020-11-03,2020-11-04,2020-11-05,2020-11-06,2020-11-09,33.32,,,,,,,2020-11-30,,,,,,
AVLR,44.94,44.11,45.99,45.01,51.04,51.00,49.60,2018-06-15,2018-06-18,2018-06-19,2018-06-20,2018-06-21,2018-06-22,2018-06-25,43.62,34.67,41.81,35.01,31.89,30.70,38.41,2018-07-16,2018-08-15,2018-09-17,2018-10-15,2018-11-15,2018-12-17,2019-01-15
AVTR,1.45,1.54,16.70,17.30,17.40,17.32,17.70,2019-05-17,2019-05-20,2019-05-21,2019-05-22,2019-05-23,2019-05-24,2019-05-28,18.62,17.00,16.92,16.04,13.96,15.51,18.53,2019-06-17,2019-07-17,2019-08-19,2019-09-17,2019-10-17,2019-11-18,2019-12-17
AVYA,16.45,16.63,16.52,17.00,17.75,17.50,17.55,2017-12-19,2017-12-20,2017-12-21,2017-12-22,2017-12-26,2017-12-27,2017-12-28,20.49,21.75,22.36,22.47,22.03,20.95,21.40,2018-01-19,2018-02-20,2018-03-19,2018-04-19,2018-05-21,2018-06-19,2018-07-19
AXNX,14.98,14.50,15.07,14.75,14.90,15.63,15.00,2018-10-31,2018-11-01,2018-11-02,2018-11-05,2018-11-06,2018-11-07,2018-11-08,13.20,15.11,14.60,21.26,23.33,20.20,32.86,2018-11-30,2018-12-31,2019-01-31,2019-02-28,2019-04-01,2019-04-30,2019-05-31
AYX,15.50,15.23,14.93,15.01,15.03,15.63,16.05,2017-03-24,2017-03-27,2017-03-28,2017-03-29,2017-03-30,2017-03-31,2017-04-03,14.80,18.87,20.24,21.72,22.41,19.05,22.30,2017-04-24,2017-05-24,2017-06-26,2017-07-24,2017-08-24,2017-09-25,2017-10-24
AZEK,27.15,29.50,29.70,29.50,30.23,30.40,30.00,2020-06-12,2020-06-15,2020-06-16,2020-06-17,2020-06-18,2020-06-19,2020-06-22,30.87,34.00,34.70,37.54,34.57,37.00,,2020-07-13,2020-08-12,2020-09-14,2020-10-12,2020-11-12,2020-12-14,
AZRE,14.60,13.65,13.75,14.31,14.90,15.60,15.80,2016-10-12,2016-10-13,2016-10-14,2016-10-17,2016-10-18,2016-10-19,2016-10-20,17.06,17.90,16.10,17.87,16.91,18.32,16.64,2016-11-14,2016-12-12,2017-01-12,2017-02-13,2017-03-13,2017-04-12,2017-05-12
AZUL,21.50,21.94,21.88,22.06,23.10,22.93,22.72,2017-04-11,2017-04-12,2017-04-13,2017-04-17,2017-04-18,2017-04-19,2017-04-20,24.09,20.66,23.08,25.39,26.87,27.86,24.28,2017-05-11,2017-06-12,2017-07-11,2017-08-11,2017-09-11,2017-10-11,2017-11-13
BAND,20.00,21.19,20.30,20.09,20.04,20.00,18.16,2017-11-09,2017-11-10,2017-11-13,2017-11-14,2017-11-15,2017-11-16,2017-11-17,20.65,23.30,21.03,28.83,31.10,34.21,39.69,2017-12-11,2018-01-09,2018-02-09,2018-03-09,2018-04-09,2018-05-09,2018-06-11
BATRA,19.95,18.05,18.05,18.48,17.78,16.18,15.02,2016-04-18,2016-04-19,2016-04-20,2016-04-21,2016-04-22,2016-04-25,2016-04-26,17.16,15.38,15.95,16.68,17.22,16.88,18.99,2016-05-18,2016-06-20,2016-07-18,2016-08-18,2016-09-19,2016-10-18,2016-11-18
BBIO,27.55,26.97,27.37,27.04,28.61,28.99,28.20,2019-06-27,2019-06-28,2019-07-01,2019-07-02,2019-07-03,2019-07-05,2019-07-08,28.69,31.26,20.13,19.44,29.84,36.84,34.80,2019-07-29,2019-08-27,2019-09-27,2019-10-28,2019-11-27,2019-12-27,2020-01-27
BBU,25.00,25.00,25.00,25.00,25.00,25.00,25.00,2016-06-01,2016-06-02,2016-06-03,2016-06-06,2016-06-07,2016-06-08,2016-06-09,18.49,20.98,22.92,25.67,24.22,26.72,24.03,2016-07-01,2016-08-01,2016-09-01,2016-10-03,2016-11-01,2016-12-01,2017-01-03
BE,25.00,21.01,22.60,23.85,23.05,23.50,24.50,2018-07-25,2018-07-26,2018-07-27,2018-07-30,2018-07-31,2018-08-01,2018-08-02,28.69,34.08,23.44,14.70,10.78,11.53,13.98,2018-08-27,2018-09-25,2018-10-25,2018-11-26,2018-12-26,2019-01-25,2019-02-25
BEAM,18.75,20.62,22.10,24.10,27.60,29.20,27.90,2020-02-06,2020-02-07,2020-02-10,2020-02-11,2020-02-12,2020-02-13,2020-02-14,23.55,16.65,16.08,27.76,29.42,24.52,22.47,2020-03-06,2020-04-06,2020-05-06,2020-06-08,2020-07-06,2020-08-06,2020-09-08
BEKE,37.44,33.00,38.72,40.50,42.37,40.75,41.87,2020-08-13,2020-08-14,2020-08-17,2020-08-18,2020-08-19,2020-08-20,2020-08-21,52.71,64.46,72.53,65.82,,,,2020-09-14,2020-10-13,2020-11-13,2020-12-14,,,
BEPC,28.56,28.39,27.79,29.19,27.15,29.96,31.33,2020-07-24,2020-07-27,2020-07-28,2020-07-29,2020-07-30,2020-07-31,2020-08-03,35.51,34.11,42.50,51.37,,,,2020-08-24,2020-09-24,2020-10-26,2020-11-24,,,
BFT,9.95,9.86,9.90,9.86,9.81,9.77,9.77,2020-10-09,2020-10-12,2020-10-13,2020-10-14,2020-10-15,2020-10-16,2020-10-19,10.28,12.75,,,,,,2020-11-09,2020-12-09,,,,,
BGNE,28.32,30.50,33.91,31.52,27.66,26.88,24.10,2016-02-03,2016-02-04,2016-02-05,2016-02-08,2016-02-09,2016-02-10,2016-02-11,32.15,29.97,26.55,31.69,29.32,26.59,29.77,2016-03-03,2016-04-04,2016-05-03,2016-06-03,2016-07-05,2016-08-03,2016-09-06
BHF,70.00,70.00,68.95,69.00,68.92,69.00,69.08,2017-07-17,2017-07-18,2017-07-19,2017-07-20,2017-07-21,2017-07-24,2017-07-25,55.97,57.21,60.63,55.67,58.68,64.36,57.66,2017-08-17,2017-09-18,2017-10-17,2017-11-17,2017-12-18,2018-01-17,2018-02-20
BHVN,17.50,17.91,19.40,19.85,21.87,21.90,21.59,2017-05-04,2017-05-05,2017-05-08,2017-05-09,2017-05-10,2017-05-11,2017-05-12,24.75,25.51,23.58,37.54,33.00,29.65,21.18,2017-06-05,2017-07-05,2017-08-04,2017-09-05,2017-10-04,2017-11-06,2017-12-04
BIGC,72.27,93.51,79.00,76.72,72.57,79.80,76.20,2020-08-05,2020-08-06,2020-08-07,2020-08-10,2020-08-11,2020-08-12,2020-08-13,95.34,92.39,85.34,83.17,,,,2020-09-08,2020-10-05,2020-11-05,2020-12-07,,,
BILI,11.24,11.00,11.00,10.91,10.97,10.98,10.94,2018-03-28,2018-03-29,2018-04-02,2018-04-03,2018-04-04,2018-04-05,2018-04-06,10.92,15.03,14.50,11.59,13.08,13.48,12.47,2018-04-30,2018-05-29,2018-06-28,2018-07-30,2018-08-28,2018-09-28,2018-10-29
BILL,35.50,38.98,36.38,37.00,38.04,38.20,38.14,2019-12-12,2019-12-13,2019-12-16,2019-12-17,2019-12-18,2019-12-19,2019-12-20,41.08,62.94,40.12,40.26,78.91,78.35,83.10,2020-01-13,2020-02-12,2020-03-12,2020-04-13,2020-05-12,2020-06-12,2020-07-13
BIPC,32.54,34.20,36.59,35.29,37.06,38.38,39.38,2020-03-31,2020-04-01,2020-04-02,2020-04-03,2020-04-06,2020-04-07,2020-04-08,41.86,44.58,45.54,45.64,49.92,55.39,56.36,2020-04-30,2020-06-01,2020-06-30,2020-07-31,2020-08-31,2020-09-30,2020-11-02
BJ,22.00,23.65,23.53,24.91,23.75,23.65,23.87,2018-06-28,2018-06-29,2018-07-02,2018-07-03,2018-07-05,2018-07-06,2018-07-09,24.75,26.88,26.78,20.74,23.78,21.76,26.55,2018-07-30,2018-08-28,2018-09-28,2018-10-29,2018-11-28,2018-12-28,2019-01-28
BKI,27.11,27.73,28.36,27.99,28.00,28.00,27.58,2015-05-20,2015-05-21,2015-05-22,2015-05-26,2015-05-27,2015-05-28,2015-05-29,30.01,28.54,34.26,33.83,33.31,34.51,32.37,2015-06-22,2015-07-20,2015-08-20,2015-09-21,2015-10-20,2015-11-20,2015-12-21
BL,23.70,22.75,22.49,22.15,21.98,21.78,23.42,2016-10-28,2016-10-31,2016-11-01,2016-11-02,2016-11-03,2016-11-04,2016-11-07,27.33,26.92,26.94,28.53,29.06,32.87,34.00,2016-11-28,2016-12-28,2017-01-30,2017-02-28,2017-03-28,2017-04-28,2017-05-30
BLI,65.45,62.10,58.50,56.00,58.10,59.50,57.60,2020-07-17,2020-07-20,2020-07-21,2020-07-22,2020-07-23,2020-07-24,2020-07-27,59.75,66.51,74.96,86.08,,,,2020-08-17,2020-09-17,2020-10-19,2020-11-17,,,
BNL,16.30,16.75,16.45,16.26,16.36,16.57,16.59,2020-09-17,2020-09-18,2020-09-21,2020-09-22,2020-09-23,2020-09-24,2020-09-25,16.61,17.79,,,,,,2020-10-19,2020-11-17,,,,,
BNR,24.63,23.21,24.35,24.39,26.59,28.79,30.06,2020-06-12,2020-06-15,2020-06-16,2020-06-17,2020-06-18,2020-06-19,2020-06-22,28.35,21.00,20.03,26.67,27.08,24.65,,2020-07-13,2020-08-12,2020-09-14,2020-10-12,2020-11-12,2020-12-14,
BNTX,14.24,13.82,12.75,12.92,12.94,13.00,14.14,2019-10-10,2019-10-11,2019-10-14,2019-10-15,2019-10-16,2019-10-17,2019-10-18,19.74,28.00,39.68,32.12,33.96,41.71,49.98,2019-11-11,2019-12-10,2020-01-10,2020-02-10,2020-03-10,2020-04-13,2020-05-11
BRP,16.37,16.15,15.70,15.41,15.75,15.75,16.14,2019-10-24,2019-10-25,2019-10-28,2019-10-29,2019-10-30,2019-10-31,2019-11-01,17.00,15.61,16.25,17.11,10.19,9.65,12.22,2019-11-25,2019-12-24,2020-01-24,2020-02-24,2020-03-24,2020-04-24,2020-05-26
BSTZ,20.16,20.02,20.80,21.77,21.75,21.70,22.04,2019-06-26,2019-06-27,2019-06-28,2019-07-01,2019-07-02,2019-07-03,2019-07-05,22.07,20.85,20.33,19.97,19.85,20.32,20.68,2019-07-26,2019-08-26,2019-09-26,2019-10-28,2019-11-26,2019-12-26,2020-01-27
BSY,33.49,32.00,34.79,32.12,30.02,31.40,30.50,2020-09-23,2020-09-24,2020-09-25,2020-09-28,2020-09-29,2020-09-30,2020-10-01,36.47,35.14,,,,,,2020-10-23,2020-11-23,,,,,
BV,21.40,21.95,22.20,22.65,22.25,21.85,22.00,2018-06-28,2018-06-29,2018-07-02,2018-07-03,2018-07-05,2018-07-06,2018-07-09,22.60,18.26,16.05,13.57,13.49,9.76,14.85,2018-07-30,2018-08-28,2018-09-28,2018-10-29,2018-11-28,2018-12-28,2019-01-28
BYND,65.75,66.79,74.79,79.17,72.25,68.27,66.22,2019-05-02,2019-05-03,2019-05-06,2019-05-07,2019-05-08,2019-05-09,2019-05-10,96.16,149.71,177.11,163.15,143.30,79.79,79.27,2019-06-03,2019-07-02,2019-08-02,2019-09-03,2019-10-02,2019-11-04,2019-12-02
CADE,22.45,22.70,22.95,22.63,22.48,22.50,22.60,2017-04-24,2017-04-25,2017-04-26,2017-04-27,2017-04-28,2017-05-01,2017-05-02,22.44,21.34,22.63,20.98,21.89,22.61,24.03,2017-05-24,2017-06-26,2017-07-24,2017-08-24,2017-09-25,2017-10-24,2017-11-24
CARG,27.58,28.53,31.85,28.28,28.14,28.23,29.19,2017-10-12,2017-10-13,2017-10-16,2017-10-17,2017-10-18,2017-10-19,2017-10-20,29.55,29.80,30.63,30.09,38.53,33.75,31.99,2017-11-13,2017-12-12,2018-01-12,2018-02-12,2018-03-12,2018-04-12,2018-05-14
CARR,12.00,12.75,11.54,11.70,13.45,15.45,14.55,2020-03-19,2020-03-20,2020-03-23,2020-03-24,2020-03-25,2020-03-26,2020-03-27,14.45,17.77,21.45,26.41,29.25,29.51,32.32,2020-04-20,2020-05-19,2020-06-19,2020-07-20,2020-08-19,2020-09-21,2020-10-19
CCC,9.60,9.60,9.60,9.60,9.61,9.60,9.60,2018-10-29,2018-10-30,2018-10-31,2018-11-01,2018-11-02,2018-11-05,2018-11-06,9.55,9.55,10.37,11.02,13.44,14.26,13.05,2018-11-29,2018-12-31,2019-01-29,2019-02-28,2019-03-29,2019-04-29,2019-05-29
CCIV,9.89,9.86,9.88,9.85,9.77,9.81,9.83,2020-09-18,2020-09-21,2020-09-22,2020-09-23,2020-09-24,2020-09-25,2020-09-28,9.68,9.74,,,,,,2020-10-19,2020-11-18,,,,,
CD,16.23,13.90,14.00,14.23,15.10,15.92,14.84,2020-09-30,2020-10-01,2020-10-02,2020-10-05,2020-10-06,2020-10-07,2020-10-08,13.94,18.47,,,,,,2020-10-30,2020-11-30,,,,,
CDAY,31.21,30.52,31.58,31.48,32.75,33.79,34.09,2018-04-26,2018-04-27,2018-04-30,2018-05-01,2018-05-02,2018-05-03,2018-05-04,34.24,35.03,34.92,38.45,40.96,36.40,38.47,2018-05-29,2018-06-26,2018-07-26,2018-08-27,2018-09-26,2018-10-26,2018-11-26
CDLX,13.37,15.55,17.80,18.03,17.53,18.50,18.52,2018-02-09,2018-02-12,2018-02-13,2018-02-14,2018-02-15,2018-02-16,2018-02-20,17.68,14.57,20.44,21.74,22.12,19.43,21.13,2018-03-09,2018-04-09,2018-05-09,2018-06-11,2018-07-09,2018-08-09,2018-09-10
CERE,9.88,10.00,10.30,10.22,10.10,10.18,9.82,2020-10-28,2020-10-29,2020-10-30,2020-11-02,2020-11-03,2020-11-04,2020-11-05,14.12,,,,,,,2020-11-30,,,,,,
CHNG,15.00,14.60,14.40,14.50,14.88,14.93,14.77,2019-06-27,2019-06-28,2019-07-01,2019-07-02,2019-07-03,2019-07-05,2019-07-08,14.46,13.64,11.78,12.75,13.62,15.99,16.18,2019-07-29,2019-08-27,2019-09-27,2019-10-28,2019-11-27,2019-12-27,2020-01-27
CHWY,34.99,33.70,37.36,34.90,34.23,32.28,31.53,2019-06-14,2019-06-17,2019-06-18,2019-06-19,2019-06-20,2019-06-21,2019-06-24,33.09,31.84,30.43,25.78,23.40,28.03,31.13,2019-07-15,2019-08-14,2019-09-16,2019-10-14,2019-11-14,2019-12-16,2020-01-14
CHX,38.00,38.00,37.50,37.00,34.75,34.50,35.75,2018-04-27,2018-04-30,2018-05-01,2018-05-02,2018-05-03,2018-05-04,2018-05-07,43.86,39.42,38.89,43.86,44.03,37.82,34.06,2018-05-29,2018-06-27,2018-07-27,2018-08-27,2018-09-27,2018-10-29,2018-11-27
CLBK,15.45,15.73,15.56,15.72,15.68,15.50,15.53,2018-04-23,2018-04-24,2018-04-25,2018-04-26,2018-04-27,2018-04-30,2018-05-01,17.54,17.29,16.65,16.88,16.80,15.39,15.80,2018-05-23,2018-06-25,2018-07-23,2018-08-23,2018-09-24,2018-10-23,2018-11-23
CLDR,18.10,18.19,18.39,20.12,19.58,19.97,19.59,2017-04-28,2017-05-01,2017-05-02,2017-05-03,2017-05-04,2017-05-05,2017-05-08,21.51,15.84,18.13,18.56,17.02,15.15,16.49,2017-05-30,2017-06-28,2017-07-28,2017-08-28,2017-09-28,2017-10-30,2017-11-28
CMPS,29.00,28.83,38.39,36.75,39.94,43.17,37.00,2020-09-18,2020-09-21,2020-09-22,2020-09-23,2020-09-24,2020-09-25,2020-09-28,36.83,34.29,,,,,,2020-10-19,2020-11-18,,,,,
CNST,11.50,11.89,11.49,11.45,11.62,11.40,11.39,2018-07-19,2018-07-20,2018-07-23,2018-07-24,2018-07-25,2018-07-26,2018-07-27,9.99,7.00,7.07,5.79,5.27,6.35,10.81,2018-08-20,2018-09-19,2018-10-19,2018-11-19,2018-12-19,2019-01-22,2019-02-19
CNXC,80.00,80.00,80.00,,105.00,99.94,101.73,2020-11-24,2020-11-25,2020-11-27,2020-11-30,2020-12-01,2020-12-02,2020-12-03,,,,,,,,,,,,,,
COLD,17.77,17.79,17.64,17.63,17.75,17.75,17.95,2018-01-19,2018-01-22,2018-01-23,2018-01-24,2018-01-25,2018-01-26,2018-01-29,17.97,18.70,19.72,21.89,21.75,21.44,23.99,2018-02-20,2018-03-19,2018-04-19,2018-05-21,2018-06-19,2018-07-19,2018-08-20
COUP,33.28,29.69,28.16,27.74,29.25,30.53,29.03,2016-10-06,2016-10-07,2016-10-10,2016-10-11,2016-10-12,2016-10-13,2016-10-14,25.58,27.74,24.13,26.03,26.59,24.63,28.62,2016-11-07,2016-12-06,2017-01-06,2017-02-06,2017-03-06,2017-04-06,2017-05-08
CRC,15.00,13.66,13.40,12.72,12.73,12.64,11.98,2020-10-28,2020-10-29,2020-10-30,2020-11-02,2020-11-03,2020-11-04,2020-11-05,21.82,,,,,,,2020-11-30,,,,,,
CRNC,25.50,21.87,21.87,18.83,17.50,17.73,18.00,2019-09-16,2019-09-17,2019-09-18,2019-09-19,2019-09-20,2019-09-23,2019-09-24,15.74,14.90,17.86,21.61,24.30,17.01,19.24,2019-10-16,2019-11-18,2019-12-16,2020-01-16,2020-02-18,2020-03-16,2020-04-16
CRON,7.62,9.17,9.69,9.40,9.77,9.91,9.81,2018-02-27,2018-02-28,2018-03-01,2018-03-02,2018-03-05,2018-03-06,2018-03-07,7.03,6.80,6.02,6.18,6.23,12.04,10.94,2018-03-27,2018-04-27,2018-05-29,2018-06-27,2018-07-27,2018-08-27,2018-09-27
CRSP,14.09,13.94,13.82,14.01,14.41,14.80,15.82,2016-10-19,2016-10-20,2016-10-21,2016-10-24,2016-10-25,2016-10-26,2016-10-27,20.80,20.55,21.03,17.30,21.24,17.57,15.54,2016-11-21,2016-12-19,2017-01-19,2017-02-21,2017-03-20,2017-04-19,2017-05-19
CRSR,14.25,15.58,17.25,18.47,18.78,20.10,20.95,2020-09-23,2020-09-24,2020-09-25,2020-09-28,2020-09-29,2020-09-30,2020-10-01,24.67,45.32,,,,,,2020-10-23,2020-11-23,,,,,
CRWD,58.00,67.56,64.16,70.01,76.50,77.22,74.85,2019-06-12,2019-06-13,2019-06-14,2019-06-17,2019-06-18,2019-06-19,2019-06-20,73.50,93.01,69.66,54.52,47.05,47.30,58.97,2019-07-12,2019-08-12,2019-09-12,2019-10-14,2019-11-12,2019-12-12,2020-01-13
CTVA,29.00,28.76,28.50,28.80,26.97,24.81,27.75,2019-05-24,2019-05-28,2019-05-29,2019-05-30,2019-05-31,2019-06-03,2019-06-04,28.01,28.32,29.02,28.24,26.37,25.93,28.81,2019-06-24,2019-07-24,2019-08-26,2019-09-24,2019-10-24,2019-11-25,2019-12-24
CVAC,55.90,77.20,65.70,56.90,66.00,67.20,62.65,2020-08-14,2020-08-17,2020-08-18,2020-08-19,2020-08-20,2020-08-21,2020-08-24,53.13,53.92,85.68,121.06,,,,2020-09-14,2020-10-14,2020-11-16,2020-12-14,,,
CVET,46.19,43.05,41.01,37.56,36.82,37.74,36.56,2019-02-06,2019-02-07,2019-02-08,2019-02-11,2019-02-12,2019-02-13,2019-02-14,34.15,32.66,33.02,25.63,24.26,24.24,13.36,2019-03-06,2019-04-08,2019-05-06,2019-06-06,2019-07-08,2019-08-06,2019-09-06
CVNA,11.10,10.77,10.10,8.72,9.98,10.92,10.80,2017-04-28,2017-05-01,2017-05-02,2017-05-03,2017-05-04,2017-05-05,2017-05-08,10.18,20.66,20.41,15.50,14.90,12.50,16.54,2017-05-30,2017-06-28,2017-07-28,2017-08-28,2017-09-28,2017-10-30,2017-11-28
CWH,22.50,22.26,21.70,21.40,21.00,21.06,20.52,2016-10-07,2016-10-10,2016-10-11,2016-10-12,2016-10-13,2016-10-14,2016-10-17,21.28,28.05,32.41,31.37,35.26,28.63,31.59,2016-11-07,2016-12-07,2017-01-09,2017-02-07,2017-03-07,2017-04-07,2017-05-08
CWK,17.81,18.55,18.50,18.36,18.13,18.22,18.00,2018-08-02,2018-08-03,2018-08-06,2018-08-07,2018-08-08,2018-08-09,2018-08-10,17.55,16.53,16.44,19.00,14.53,17.02,18.96,2018-09-04,2018-10-02,2018-11-02,2018-12-03,2019-01-02,2019-02-04,2019-03-04
DADA,15.99,17.00,16.04,15.25,14.75,14.75,15.00,2020-06-05,2020-06-08,2020-06-09,2020-06-10,2020-06-11,2020-06-12,2020-06-15,27.69,27.94,21.52,26.10,37.03,42.83,,2020-07-06,2020-08-05,2020-09-08,2020-10-05,2020-11-05,2020-12-07,
DAO,12.50,12.40,13.75,15.00,15.00,14.83,15.00,2019-10-25,2019-10-28,2019-10-29,2019-10-30,2019-10-31,2019-11-01,2019-11-04,13.74,14.10,16.14,25.22,19.16,20.49,24.04,2019-11-25,2019-12-26,2020-01-27,2020-02-25,2020-03-25,2020-04-27,2020-05-26
DASH,189.51,186.00,175.00,160.00,158.89,158.05,,2020-12-09,2020-12-10,2020-12-11,2020-12-14,2020-12-15,2020-12-16,,,,,,,,,,,,,,,
DAVA,25.20,23.25,23.91,23.80,24.80,25.08,26.41,2018-07-27,2018-07-30,2018-07-31,2018-08-01,2018-08-02,2018-08-03,2018-08-06,26.85,29.67,23.38,24.32,23.57,23.90,26.60,2018-08-27,2018-09-27,2018-10-29,2018-11-27,2018-12-27,2019-01-28,2019-02-27
DBX,28.48,30.45,29.90,30.98,31.25,30.01,31.59,2018-03-23,2018-03-26,2018-03-27,2018-03-28,2018-03-29,2018-04-02,2018-04-03,29.11,29.74,32.52,31.80,28.34,26.33,23.36,2018-04-23,2018-05-23,2018-06-25,2018-07-23,2018-08-23,2018-09-24,2018-10-23
DCBO,50.00,50.07,47.11,49.41,48.80,48.82,48.26,2020-12-03,2020-12-04,2020-12-07,2020-12-08,2020-12-09,2020-12-10,2020-12-11,,,,,,,,,,,,,,
DCPH,17.65,18.99,19.73,19.71,20.25,22.17,22.91,2017-09-28,2017-09-29,2017-10-02,2017-10-03,2017-10-04,2017-10-05,2017-10-06,19.09,20.36,22.32,26.22,25.02,20.99,22.44,2017-10-30,2017-11-28,2017-12-28,2018-01-29,2018-02-28,2018-03-28,2018-04-30
DCT,40.00,38.84,39.59,41.25,41.93,41.00,40.18,2020-08-14,2020-08-17,2020-08-18,2020-08-19,2020-08-20,2020-08-21,2020-08-24,40.92,42.83,40.86,40.81,,,,2020-09-14,2020-10-14,2020-11-16,2020-12-14,,,
DD,7.27,7.35,7.33,7.31,7.19,7.12,7.08,1972-06-01,1972-06-02,1972-06-05,1972-06-06,1972-06-07,1972-06-08,1972-06-09,7.15,7.18,7.79,7.54,7.65,8.05,8.08,1972-07-03,1972-08-01,1972-09-01,1972-10-02,1972-11-01,1972-12-01,1973-01-02
DDOG,37.55,36.15,36.11,34.50,35.25,32.44,32.27,2019-09-19,2019-09-20,2019-09-23,2019-09-24,2019-09-25,2019-09-26,2019-09-27,30.01,39.15,38.10,41.13,47.30,33.10,40.99,2019-10-21,2019-11-19,2019-12-19,2020-01-21,2020-02-19,2020-03-19,2020-04-20
DELL,23.81,23.67,24.09,24.17,24.92,25.25,25.14,2016-08-17,2016-08-18,2016-08-19,2016-08-22,2016-08-23,2016-08-24,2016-08-25,27.00,26.24,28.68,31.22,32.08,35.76,35.54,2016-09-19,2016-10-17,2016-11-17,2016-12-19,2017-01-17,2017-02-17,2017-03-17
DKNG,9.80,9.80,9.80,9.80,9.80,9.80,9.80,2019-07-25,2019-07-26,2019-07-29,2019-07-30,2019-07-31,2019-08-01,2019-08-02,9.85,9.85,9.85,10.04,10.74,15.00,16.96,2019-08-26,2019-09-25,2019-10-25,2019-11-25,2019-12-26,2020-01-27,2020-02-25
DNB,25.35,27.10,27.39,26.60,26.49,25.88,26.25,2020-07-01,2020-07-02,2020-07-06,2020-07-07,2020-07-08,2020-07-09,2020-07-10,25.56,25.63,25.39,26.05,27.03,,,2020-08-03,2020-09-01,2020-10-01,2020-11-02,2020-12-01,,
DNLI,21.45,20.99,20.16,20.04,18.99,19.04,18.71,2017-12-08,2017-12-11,2017-12-12,2017-12-13,2017-12-14,2017-12-15,2017-12-18,16.48,20.89,20.56,18.44,18.72,17.96,15.47,2018-01-08,2018-02-08,2018-03-08,2018-04-09,2018-05-08,2018-06-08,2018-07-09
DOCU,39.73,38.63,39.45,39.32,41.96,41.09,41.31,2018-04-27,2018-04-30,2018-05-01,2018-05-02,2018-05-03,2018-05-04,2018-05-07,48.43,51.77,54.82,65.53,52.82,40.35,40.64,2018-05-29,2018-06-27,2018-07-27,2018-08-27,2018-09-27,2018-10-29,2018-11-27
DOMO,27.30,23.75,23.21,22.46,21.89,20.94,19.89,2018-06-29,2018-07-02,2018-07-03,2018-07-05,2018-07-06,2018-07-09,2018-07-10,16.06,22.59,21.11,16.46,16.17,19.63,25.17,2018-07-30,2018-08-29,2018-10-01,2018-10-29,2018-11-29,2018-12-31,2019-01-29
DOW,49.80,48.98,48.60,49.15,48.85,50.10,50.85,2019-03-20,2019-03-21,2019-03-22,2019-03-25,2019-03-26,2019-03-27,2019-03-28,57.89,50.08,48.93,50.88,43.16,48.21,47.12,2019-04-22,2019-05-20,2019-06-20,2019-07-22,2019-08-20,2019-09-20,2019-10-21
DOYU,11.50,11.05,10.50,10.05,10.38,10.20,9.72,2019-07-17,2019-07-18,2019-07-19,2019-07-22,2019-07-23,2019-07-24,2019-07-25,8.45,9.02,7.37,7.65,7.62,9.37,8.33,2019-08-19,2019-09-17,2019-10-17,2019-11-18,2019-12-17,2020-01-17,2020-02-18
DT,23.85,26.07,23.74,24.52,26.15,26.00,25.25,2019-08-01,2019-08-02,2019-08-05,2019-08-06,2019-08-07,2019-08-08,2019-08-09,23.10,18.10,21.15,26.30,26.03,30.22,32.38,2019-09-03,2019-10-01,2019-11-01,2019-12-02,2020-01-02,2020-02-03,2020-03-02
EAF,14.45,15.50,16.21,15.53,15.70,16.25,16.26,2018-04-19,2018-04-20,2018-04-23,2018-04-24,2018-04-25,2018-04-26,2018-04-27,19.50,19.26,18.21,17.89,19.06,17.15,14.80,2018-05-21,2018-06-19,2018-07-19,2018-08-20,2018-09-19,2018-10-19,2018-11-19
EAR,33.68,35.07,33.85,34.55,35.70,38.25,36.01,2020-10-16,2020-10-19,2020-10-20,2020-10-21,2020-10-22,2020-10-23,2020-10-26,34.83,50.70,,,,,,2020-11-16,2020-12-16,,,,,
EB,36.50,34.25,34.21,36.22,37.46,36.65,37.97,2018-09-20,2018-09-21,2018-09-24,2018-09-25,2018-09-26,2018-09-27,2018-09-28,26.08,28.05,28.52,30.16,30.50,20.08,21.68,2018-10-22,2018-11-20,2018-12-20,2019-01-22,2019-02-20,2019-03-20,2019-04-22
EBC,12.15,11.91,11.89,11.88,12.40,12.48,12.26,2020-10-15,2020-10-16,2020-10-19,2020-10-20,2020-10-21,2020-10-22,2020-10-23,13.94,15.65,,,,,,2020-11-16,2020-12-15,,,,,
EDIT,18.20,18.50,17.60,15.85,12.81,13.09,15.77,2016-02-03,2016-02-04,2016-02-05,2016-02-08,2016-02-09,2016-02-10,2016-02-11,37.49,39.58,30.99,33.71,25.20,25.06,16.02,2016-03-03,2016-04-04,2016-05-03,2016-06-03,2016-07-05,2016-08-03,2016-09-06
EIDX,23.12,21.94,21.90,20.30,20.12,20.10,19.91,2018-06-20,2018-06-21,2018-06-22,2018-06-25,2018-06-26,2018-06-27,2018-06-28,21.28,18.69,11.07,9.72,14.21,14.80,12.71,2018-07-20,2018-08-20,2018-09-20,2018-10-22,2018-11-20,2018-12-20,2019-01-22
ELAN,36.00,34.10,34.90,34.58,35.50,36.19,34.89,2018-09-20,2018-09-21,2018-09-24,2018-09-25,2018-09-26,2018-09-27,2018-09-28,31.88,33.13,31.33,30.98,29.33,32.83,31.15,2018-10-22,2018-11-20,2018-12-20,2019-01-22,2019-02-20,2019-03-20,2019-04-22
ENIC,6.55,6.70,6.48,6.34,6.18,6.11,6.37,2016-04-21,2016-04-22,2016-04-25,2016-04-26,2016-04-27,2016-04-28,2016-04-29,5.31,5.60,5.82,5.46,5.25,5.08,4.48,2016-05-23,2016-06-21,2016-07-21,2016-08-22,2016-09-21,2016-10-21,2016-11-21
EPRT,13.64,13.60,13.72,13.68,13.68,13.50,13.54,2018-06-21,2018-06-22,2018-06-25,2018-06-26,2018-06-27,2018-06-28,2018-06-29,13.96,14.24,14.45,13.75,13.76,13.60,14.82,2018-07-23,2018-08-21,2018-09-21,2018-10-22,2018-11-21,2018-12-21,2019-01-22
EQH,20.34,21.39,21.50,21.60,21.60,21.68,21.58,2018-05-10,2018-05-11,2018-05-14,2018-05-15,2018-05-16,2018-05-17,2018-05-18,21.34,21.54,21.30,22.50,21.38,21.08,17.34,2018-06-11,2018-07-10,2018-08-10,2018-09-10,2018-10-10,2018-11-12,2018-12-10
ESTC,70.00,65.94,66.45,62.50,60.87,62.68,60.94,2018-10-05,2018-10-08,2018-10-09,2018-10-10,2018-10-11,2018-10-12,2018-10-15,64.50,75.34,73.10,89.99,87.14,81.00,84.52,2018-11-05,2018-12-06,2019-01-07,2019-02-05,2019-03-05,2019-04-05,2019-05-06
ETRN,19.50,19.60,19.30,19.51,19.50,19.50,19.50,2018-10-31,2018-11-01,2018-11-02,2018-11-05,2018-11-06,2018-11-07,2018-11-08,22.32,20.02,20.82,17.64,21.89,20.83,19.86,2018-11-30,2018-12-31,2019-01-31,2019-02-28,2019-04-01,2019-04-30,2019-05-31
EVBG,15.25,16.50,17.01,17.55,16.86,15.06,16.24,2016-09-16,2016-09-19,2016-09-20,2016-09-21,2016-09-22,2016-09-23,2016-09-26,14.97,15.39,19.58,18.71,19.18,18.96,21.33,2016-10-17,2016-11-16,2016-12-16,2017-01-17,2017-02-16,2017-03-16,2017-04-17
EVOP,19.02,19.50,19.88,19.86,20.57,21.48,21.92,2018-05-23,2018-05-24,2018-05-25,2018-05-29,2018-05-30,2018-05-31,2018-06-01,20.90,22.98,22.91,25.41,24.10,24.61,22.31,2018-06-25,2018-07-23,2018-08-23,2018-09-24,2018-10-23,2018-11-23,2018-12-24
EVRG,13.06,12.94,12.62,12.81,12.81,12.62,12.56,1973-02-21,1973-02-22,1973-02-23,1973-02-26,1973-02-27,1973-02-28,1973-03-01,12.44,12.50,12.12,12.19,12.44,10.94,11.12,1973-03-21,1973-04-23,1973-05-21,1973-06-21,1973-07-23,1973-08-21,1973-09-21
EYE,28.15,28.04,28.80,30.37,29.99,29.70,30.07,2017-10-27,2017-10-30,2017-10-31,2017-11-01,2017-11-02,2017-11-03,2017-11-06,31.82,39.69,38.35,34.95,32.02,32.89,36.08,2017-11-27,2017-12-27,2018-01-29,2018-02-27,2018-03-27,2018-04-27,2018-05-29
FBK,20.75,20.52,20.50,20.75,20.75,20.81,20.50,2016-09-16,2016-09-19,2016-09-20,2016-09-21,2016-09-22,2016-09-23,2016-09-26,21.15,22.75,24.88,26.58,33.32,33.48,33.47,2016-10-17,2016-11-16,2016-12-16,2017-01-17,2017-02-16,2017-03-16,2017-04-17
FHB,24.84,24.58,24.41,24.45,24.83,25.01,25.29,2016-08-05,2016-08-08,2016-08-09,2016-08-10,2016-08-11,2016-08-12,2016-08-15,26.32,26.30,26.70,32.50,34.72,31.90,31.86,2016-09-06,2016-10-05,2016-11-07,2016-12-05,2017-01-05,2017-02-06,2017-03-06
FMTX,39.00,39.95,41.20,43.72,46.00,45.00,45.46,2020-06-19,2020-06-22,2020-06-23,2020-06-24,2020-06-25,2020-06-26,2020-06-29,37.38,38.06,43.69,48.51,38.72,,,2020-07-20,2020-08-19,2020-09-21,2020-10-19,2020-11-19,,
FND,32.05,32.40,33.54,33.51,36.36,36.93,36.73,2017-04-27,2017-04-28,2017-05-01,2017-05-02,2017-05-03,2017-05-04,2017-05-05,39.21,43.38,38.10,35.60,38.12,37.95,38.90,2017-05-30,2017-06-27,2017-07-27,2017-08-28,2017-09-27,2017-10-27,2017-11-27
FOCS,37.55,38.01,40.13,40.74,40.00,38.76,38.58,2018-07-26,2018-07-27,2018-07-30,2018-07-31,2018-08-01,2018-08-02,2018-08-03,39.83,47.57,40.09,30.93,24.40,28.64,36.64,2018-08-27,2018-09-26,2018-10-26,2018-11-26,2018-12-26,2019-01-28,2019-02-26
FOUR,33.54,35.15,35.51,35.45,31.75,34.75,35.52,2020-06-05,2020-06-08,2020-06-09,2020-06-10,2020-06-11,2020-06-12,2020-06-15,39.39,39.41,49.58,52.21,56.75,60.70,,2020-07-06,2020-08-05,2020-09-08,2020-10-05,2020-11-05,2020-12-07,
FOX,39.20,39.96,41.02,40.86,39.55,37.60,38.88,2019-03-13,2019-03-14,2019-03-15,2019-03-18,2019-03-19,2019-03-20,2019-03-21,36.98,37.50,34.94,37.04,35.00,33.71,31.01,2019-04-15,2019-05-13,2019-06-13,2019-07-15,2019-08-13,2019-09-13,2019-10-14
FOXA,38.00,39.75,40.65,41.70,41.70,40.34,38.62,2019-03-12,2019-03-13,2019-03-14,2019-03-15,2019-03-18,2019-03-19,2019-03-20,37.53,37.97,35.05,36.96,34.95,33.79,31.39,2019-04-12,2019-05-13,2019-06-12,2019-07-12,2019-08-12,2019-09-12,2019-10-14
FROG,64.79,64.46,64.78,67.00,77.71,75.50,72.46,2020-09-16,2020-09-17,2020-09-18,2020-09-21,2020-09-22,2020-09-23,2020-09-24,80.18,63.40,63.20,,,,,2020-10-16,2020-11-16,2020-12-16,,,,
FSKR,14.30,13.14,13.70,13.00,13.07,13.00,13.03,2020-06-17,2020-06-18,2020-06-19,2020-06-22,2020-06-23,2020-06-24,2020-06-25,13.89,14.88,14.39,15.19,15.67,,,2020-07-17,2020-08-17,2020-09-17,2020-10-19,2020-11-17,,
FSLY,24.25,22.66,22.52,22.50,21.50,21.98,21.26,2019-05-20,2019-05-21,2019-05-22,2019-05-23,2019-05-24,2019-05-28,2019-05-29,19.48,21.53,19.74,25.14,22.07,22.10,19.14,2019-06-20,2019-07-22,2019-08-20,2019-09-20,2019-10-21,2019-11-20,2019-12-20
FSR,9.60,9.60,9.60,9.63,9.63,9.63,9.63,2018-10-02,2018-10-03,2018-10-04,2018-10-05,2018-10-08,2018-10-09,2018-10-10,9.65,9.65,9.63,9.75,9.77,9.83,9.90,2018-11-02,2018-12-03,2019-01-02,2019-02-04,2019-03-04,2019-04-02,2019-05-02
FTCH,28.45,30.25,28.65,28.00,27.26,27.23,26.07,2018-09-21,2018-09-24,2018-09-25,2018-09-26,2018-09-27,2018-09-28,2018-10-01,22.00,21.04,17.60,20.21,19.79,26.52,23.50,2018-10-22,2018-11-21,2018-12-21,2019-01-22,2019-02-21,2019-03-21,2019-04-22
FTDR,30.00,37.00,37.00,37.10,37.50,38.00,38.71,2018-09-13,2018-09-14,2018-09-17,2018-09-18,2018-09-19,2018-09-20,2018-09-21,39.75,22.20,22.11,26.47,28.01,35.72,34.54,2018-10-15,2018-11-13,2018-12-13,2019-01-14,2019-02-13,2019-03-13,2019-04-15
FTI,5.46,5.37,5.21,5.20,5.00,5.00,5.00,2001-06-15,2001-06-18,2001-06-19,2001-06-20,2001-06-21,2001-06-22,2001-06-25,4.49,4.22,3.47,3.16,3.25,3.30,3.80,2001-07-16,2001-08-15,2001-09-17,2001-10-15,2001-11-15,2001-12-17,2002-01-15
FTV,40.67,39.96,39.95,42.01,42.78,42.32,42.36,2016-07-05,2016-07-06,2016-07-07,2016-07-08,2016-07-11,2016-07-12,2016-07-13,42.33,44.13,42.63,43.34,45.11,45.14,46.70,2016-08-05,2016-09-06,2016-10-05,2016-11-07,2016-12-05,2017-01-05,2017-02-06
FUTU,15.32,16.80,16.40,15.77,17.50,18.00,18.57,2019-03-08,2019-03-11,2019-03-12,2019-03-13,2019-03-14,2019-03-15,2019-03-18,16.80,13.83,10.05,10.62,10.35,11.49,10.46,2019-04-08,2019-05-08,2019-06-10,2019-07-08,2019-08-08,2019-09-09,2019-10-08
FVRR,39.90,31.49,34.38,31.15,28.67,28.03,27.75,2019-06-13,2019-06-14,2019-06-17,2019-06-18,2019-06-19,2019-06-20,2019-06-21,23.56,21.77,19.27,20.80,22.60,23.30,25.87,2019-07-15,2019-08-13,2019-09-13,2019-10-14,2019-11-13,2019-12-13,2020-01-13
FWONA,20.17,20.38,20.34,20.39,20.28,20.51,20.51,2013-01-10,2013-01-11,2013-01-14,2013-01-15,2013-01-16,2013-01-17,2013-01-18,20.59,20.42,20.66,22.72,23.34,25.06,26.71,2013-02-11,2013-03-11,2013-04-10,2013-05-10,2013-06-10,2013-07-10,2013-08-12
FWONK,24.62,24.97,24.28,24.43,24.62,24.68,25.07,2014-07-08,2014-07-09,2014-07-10,2014-07-11,2014-07-14,2014-07-15,2014-07-16,25.75,26.89,25.54,25.76,25.00,25.76,26.64,2014-08-08,2014-09-08,2014-10-08,2014-11-10,2014-12-08,2015-01-08,2015-02-09
GB,10.49,10.45,10.44,10.43,10.40,10.35,10.32,2020-03-02,2020-03-03,2020-03-04,2020-03-05,2020-03-06,2020-03-09,2020-03-10,10.13,10.18,10.28,,,7.63,7.33,2020-04-02,2020-05-04,2020-06-02,2020-07-02,2020-08-03,2020-09-02,2020-10-02
GBIO,24.69,22.88,20.10,20.95,21.65,21.91,23.50,2020-06-12,2020-06-15,2020-06-16,2020-06-17,2020-06-18,2020-06-19,2020-06-22,18.07,19.69,30.45,27.80,31.05,36.50,,2020-07-13,2020-08-12,2020-09-14,2020-10-12,2020-11-12,2020-12-14,
GCP,16.90,17.50,17.00,16.90,15.88,15.98,15.79,2016-02-04,2016-02-05,2016-02-08,2016-02-09,2016-02-10,2016-02-11,2016-02-12,18.94,21.15,22.67,24.64,25.60,27.97,29.42,2016-03-04,2016-04-04,2016-05-04,2016-06-06,2016-07-05,2016-08-04,2016-09-06
GDRX,50.50,46.70,52.04,56.79,56.00,55.60,50.05,2020-09-23,2020-09-24,2020-09-25,2020-09-28,2020-09-29,2020-09-30,2020-10-01,52.50,39.07,,,,,,2020-10-23,2020-11-23,,,,,
GDS,10.41,10.40,10.00,9.74,9.74,9.64,9.72,2016-11-02,2016-11-03,2016-11-04,2016-11-07,2016-11-08,2016-11-09,2016-11-10,10.00,8.49,8.03,7.96,8.36,8.12,7.59,2016-12-02,2017-01-03,2017-02-02,2017-03-02,2017-04-03,2017-05-02,2017-06-02
GFL,16.80,17.75,17.45,17.01,16.20,16.65,16.52,2020-03-03,2020-03-04,2020-03-05,2020-03-06,2020-03-09,2020-03-10,2020-03-11,12.65,17.25,19.13,18.96,21.78,18.79,22.35,2020-04-03,2020-05-04,2020-06-03,2020-07-06,2020-08-03,2020-09-03,2020-10-05
GH,32.20,29.20,29.55,31.51,30.92,31.60,33.58,2018-10-04,2018-10-05,2018-10-08,2018-10-09,2018-10-10,2018-10-11,2018-10-12,35.13,42.46,36.20,39.90,68.03,70.11,69.51,2018-11-05,2018-12-04,2019-01-04,2019-02-04,2019-03-04,2019-04-04,2019-05-06
GLIBA,11.06,11.02,10.76,10.60,9.96,10.46,10.43,2012-08-10,2012-08-13,2012-08-14,2012-08-15,2012-08-16,2012-08-17,2012-08-20,12.04,12.88,13.93,14.39,16.94,18.37,18.62,2012-09-10,2012-10-10,2012-11-12,2012-12-10,2013-01-10,2013-02-11,2013-03-11
GO,28.51,28.60,29.99,30.69,32.98,32.71,32.88,2019-06-20,2019-06-21,2019-06-24,2019-06-25,2019-06-26,2019-06-27,2019-06-28,39.25,42.96,38.08,32.75,31.00,32.99,35.02,2019-07-22,2019-08-20,2019-09-20,2019-10-21,2019-11-20,2019-12-20,2020-01-21
GOCO,19.46,19.75,21.30,20.99,20.90,21.98,21.03,2020-07-15,2020-07-16,2020-07-17,2020-07-20,2020-07-21,2020-07-22,2020-07-23,19.19,12.53,12.25,11.08,13.79,,,2020-08-17,2020-09-15,2020-10-15,2020-11-16,2020-12-15,,
GOLF,17.95,17.41,17.46,17.46,17.30,17.81,18.27,2016-10-28,2016-10-31,2016-11-01,2016-11-02,2016-11-03,2016-11-04,2016-11-07,20.17,19.00,18.38,17.51,17.09,18.26,18.75,2016-11-28,2016-12-28,2017-01-30,2017-02-28,2017-03-28,2017-04-28,2017-05-30
GOOS,16.08,17.23,17.10,16.52,16.05,15.96,15.64,2017-03-16,2017-03-17,2017-03-20,2017-03-21,2017-03-22,2017-03-23,2017-03-24,16.01,18.42,20.55,19.08,18.73,19.66,20.59,2017-04-17,2017-05-16,2017-06-16,2017-07-17,2017-08-16,2017-09-18,2017-10-16
GRWG,5.85,5.65,5.70,5.50,5.53,5.57,5.36,2018-02-07,2018-02-08,2018-02-09,2018-02-12,2018-02-13,2018-02-14,2018-02-15,4.53,3.44,4.95,4.60,4.20,3.50,4.62,2018-03-07,2018-04-09,2018-05-07,2018-06-07,2018-07-09,2018-08-07,2018-09-07
GSHD,15.75,14.80,15.01,14.95,15.38,15.35,15.83,2018-04-27,2018-04-30,2018-05-01,2018-05-02,2018-05-03,2018-05-04,2018-05-07,16.43,26.50,26.86,26.59,33.08,31.88,23.95,2018-05-29,2018-06-27,2018-07-27,2018-08-27,2018-09-27,2018-10-29,2018-11-27
GSX,10.48,10.00,9.55,9.52,9.57,9.56,9.50,2019-06-06,2019-06-07,2019-06-10,2019-06-11,2019-06-12,2019-06-13,2019-06-14,9.57,12.60,12.30,14.33,15.25,19.63,23.75,2019-07-08,2019-08-06,2019-09-06,2019-10-07,2019-11-06,2019-12-06,2020-01-06
GTES,18.50,18.90,19.10,19.19,19.60,19.72,18.99,2018-01-25,2018-01-26,2018-01-29,2018-01-30,2018-01-31,2018-02-01,2018-02-02,16.94,17.50,15.89,15.32,15.80,15.45,18.06,2018-02-26,2018-03-26,2018-04-25,2018-05-25,2018-06-25,2018-07-25,2018-08-27
HCAT,39.17,38.30,41.42,43.37,44.25,44.43,40.54,2019-07-25,2019-07-26,2019-07-29,2019-07-30,2019-07-31,2019-08-01,2019-08-02,40.88,33.70,29.77,37.91,32.96,35.10,29.57,2019-08-26,2019-09-25,2019-10-25,2019-11-25,2019-12-26,2020-01-27,2020-02-25
HCM,13.50,13.40,13.50,13.50,13.38,13.38,13.49,2016-03-16,2016-03-17,2016-03-18,2016-03-21,2016-03-22,2016-03-23,2016-03-24,13.48,12.77,13.47,13.29,12.71,12.47,11.39,2016-04-18,2016-05-16,2016-06-16,2016-07-18,2016-08-16,2016-09-16,2016-10-17
HESM,25.60,26.07,25.89,25.99,25.93,25.84,25.45,2017-04-05,2017-04-06,2017-04-07,2017-04-10,2017-04-11,2017-04-12,2017-04-13,25.35,23.22,20.15,19.99,21.10,22.05,20.44,2017-05-05,2017-06-05,2017-07-05,2017-08-07,2017-09-05,2017-10-05,2017-11-06
HGV,25.85,25.58,26.55,26.50,25.79,25.49,25.35,2017-01-04,2017-01-05,2017-01-06,2017-01-09,2017-01-10,2017-01-11,2017-01-12,29.30,29.69,30.16,35.87,35.28,35.08,36.17,2017-02-06,2017-03-06,2017-04-04,2017-05-04,2017-06-05,2017-07-05,2017-08-04
HKIB,10.09,9.88,9.90,9.92,9.90,9.72,9.16,2019-08-05,2019-08-06,2019-08-07,2019-08-08,2019-08-09,2019-08-12,2019-08-13,9.07,8.00,8.30,8.35,8.73,8.44,8.50,2019-09-05,2019-10-07,2019-11-05,2019-12-05,2020-01-06,2020-02-05,2020-03-05
HLNE,18.02,18.21,18.72,18.46,18.69,18.49,18.44,2017-03-01,2017-03-02,2017-03-03,2017-03-06,2017-03-07,2017-03-08,2017-03-09,18.36,18.92,20.50,22.64,22.51,23.48,27.36,2017-04-03,2017-05-01,2017-06-01,2017-07-03,2017-08-01,2017-09-01,2017-10-02
HRMY,37.01,36.10,36.00,34.00,35.34,34.00,32.65,2020-08-19,2020-08-20,2020-08-21,2020-08-24,2020-08-25,2020-08-26,2020-08-27,30.96,38.99,42.53,,,,,2020-09-21,2020-10-19,2020-11-19,,,,
HUYA,16.06,18.38,19.00,22.50,20.00,19.04,19.18,2018-05-11,2018-05-14,2018-05-15,2018-05-16,2018-05-17,2018-05-18,2018-05-21,36.39,36.47,32.88,25.41,22.18,18.50,16.15,2018-06-11,2018-07-11,2018-08-13,2018-09-11,2018-10-11,2018-11-12,2018-12-11
HYFM,51.99,48.30,43.37,48.13,53.50,,,2020-12-10,2020-12-11,2020-12-14,2020-12-15,2020-12-16,,,,,,,,,,,,,,,,
HYLN,9.95,9.95,9.99,10.02,10.03,10.03,10.03,2020-01-02,2020-01-03,2020-01-06,2020-01-07,2020-01-08,2020-01-09,2020-01-10,10.03,10.07,9.90,9.94,10.05,27.07,19.99,2020-02-03,2020-03-02,2020-04-02,2020-05-04,2020-06-02,2020-07-02,2020-08-03
IAA,36.57,38.20,39.78,40.00,39.65,38.51,37.65,2019-06-17,2019-06-18,2019-06-19,2019-06-20,2019-06-21,2019-06-24,2019-06-25,43.96,44.56,43.20,38.07,43.06,45.30,49.71,2019-07-17,2019-08-19,2019-09-17,2019-10-17,2019-11-18,2019-12-17,2020-01-17
IFS,38.50,38.50,38.50,38.50,38.50,38.50,38.50,2019-07-01,2019-07-02,2019-07-03,2019-07-05,2019-07-08,2019-07-09,2019-07-10,41.94,40.99,39.74,42.21,40.30,42.42,42.50,2019-08-01,2019-09-03,2019-10-01,2019-11-01,2019-12-02,2020-01-02,2020-02-03
IGMS,24.30,20.66,21.40,21.00,20.70,19.83,18.12,2019-09-18,2019-09-19,2019-09-20,2019-09-23,2019-09-24,2019-09-25,2019-09-26,19.00,25.57,34.39,36.21,45.27,34.11,58.54,2019-10-18,2019-11-18,2019-12-18,2020-01-21,2020-02-18,2020-03-18,2020-04-20
IIPR,19.15,18.45,,16.65,16.89,17.20,16.95,2016-12-01,2016-12-02,2016-12-05,2016-12-06,2016-12-07,2016-12-08,2016-12-09,18.70,18.20,16.33,17.38,17.68,17.63,16.62,2017-01-03,2017-02-01,2017-03-01,2017-04-03,2017-05-01,2017-06-01,2017-07-03
ILPT,23.35,23.35,23.41,23.23,23.05,22.59,22.80,2018-01-12,2018-01-16,2018-01-17,2018-01-18,2018-01-19,2018-01-22,2018-01-23,21.14,20.67,20.10,21.10,21.87,23.43,23.61,2018-02-12,2018-03-12,2018-04-12,2018-05-14,2018-06-12,2018-07-12,2018-08-13
IMAB,12.50,13.80,15.37,15.16,14.00,13.68,13.68,2020-01-17,2020-01-21,2020-01-22,2020-01-23,2020-01-24,2020-01-27,2020-01-28,10.63,11.50,13.80,20.50,30.91,32.99,29.29,2020-02-18,2020-03-17,2020-04-17,2020-05-18,2020-06-17,2020-07-17,2020-08-17
IMVT,9.95,9.95,9.95,9.80,9.80,9.80,9.80,2019-06-21,2019-06-24,2019-06-25,2019-06-26,2019-06-27,2019-06-28,2019-07-01,9.81,9.84,10.00,10.14,10.60,15.79,16.07,2019-07-22,2019-08-21,2019-09-23,2019-10-21,2019-11-21,2019-12-23,2020-01-21
INBX,20.63,20.65,20.43,20.38,19.45,18.36,17.21,2020-08-19,2020-08-20,2020-08-21,2020-08-24,2020-08-25,2020-08-26,2020-08-27,17.49,17.35,23.64,,,,,2020-09-21,2020-10-19,2020-11-19,,,,
INMD,13.57,14.02,13.75,14.00,16.25,18.25,19.90,2019-08-08,2019-08-09,2019-08-12,2019-08-13,2019-08-14,2019-08-15,2019-08-16,26.05,23.00,40.44,42.70,38.04,45.19,27.58,2019-09-09,2019-10-08,2019-11-08,2019-12-09,2020-01-08,2020-02-10,2020-03-09
INSP,24.98,24.47,24.05,24.14,24.05,25.51,26.74,2018-05-03,2018-05-04,2018-05-07,2018-05-08,2018-05-09,2018-05-10,2018-05-11,29.63,36.80,46.46,56.99,40.91,45.58,47.89,2018-06-04,2018-07-03,2018-08-03,2018-09-04,2018-10-03,2018-11-05,2018-12-03
INVH,20.00,20.23,20.63,20.73,20.80,20.84,20.88,2017-02-01,2017-02-02,2017-02-03,2017-02-06,2017-02-07,2017-02-08,2017-02-09,21.53,21.63,21.68,21.68,21.68,21.47,23.26,2017-03-01,2017-04-03,2017-05-01,2017-06-01,2017-07-03,2017-08-01,2017-09-01
IPOB,10.80,10.93,11.36,11.61,11.25,11.37,11.28,2020-06-18,2020-06-19,2020-06-22,2020-06-23,2020-06-24,2020-06-25,2020-06-26,11.93,10.85,14.60,21.34,18.70,,,2020-07-20,2020-08-18,2020-09-18,2020-10-19,2020-11-18,,
IQ,15.55,15.70,16.00,15.67,16.04,16.02,16.41,2018-03-29,2018-04-02,2018-04-03,2018-04-04,2018-04-05,2018-04-06,2018-04-09,18.03,23.08,32.30,30.74,30.39,26.91,21.37,2018-04-30,2018-05-29,2018-06-29,2018-07-30,2018-08-29,2018-10-01,2018-10-29
IR,21.10,22.02,22.10,22.10,22.50,22.72,22.89,2017-05-12,2017-05-15,2017-05-16,2017-05-17,2017-05-18,2017-05-19,2017-05-22,23.03,22.13,22.59,24.53,26.89,29.41,31.68,2017-06-12,2017-07-12,2017-08-14,2017-09-12,2017-10-12,2017-11-13,2017-12-12
IRTC,26.05,25.79,26.70,26.68,25.74,25.02,24.25,2016-10-20,2016-10-21,2016-10-24,2016-10-25,2016-10-26,2016-10-27,2016-10-28,29.97,27.85,29.99,38.25,35.86,33.56,35.03,2016-11-21,2016-12-20,2017-01-20,2017-02-21,2017-03-20,2017-04-20,2017-05-22
JAMF,39.20,39.88,39.70,40.29,40.50,40.30,41.28,2020-07-22,2020-07-23,2020-07-24,2020-07-27,2020-07-28,2020-07-29,2020-07-30,39.15,36.49,33.07,30.44,,,,2020-08-24,2020-09-22,2020-10-22,2020-11-23,,,
JBGS,31.81,34.65,33.15,34.88,34.56,35.14,37.00,2017-07-06,2017-07-07,2017-07-10,2017-07-11,2017-07-12,2017-07-13,2017-07-14,33.96,32.22,32.92,31.84,33.60,33.75,31.94,2017-08-07,2017-09-06,2017-10-06,2017-11-06,2017-12-06,2018-01-08,2018-02-06
JELD,26.12,26.05,27.07,27.05,27.59,28.51,27.97,2017-01-27,2017-01-30,2017-01-31,2017-02-01,2017-02-02,2017-02-03,2017-02-06,31.13,31.84,33.42,31.15,33.32,32.19,30.37,2017-02-27,2017-03-27,2017-04-27,2017-05-30,2017-06-27,2017-07-27,2017-08-28
JHG,30.60,31.28,33.94,33.29,33.09,31.60,31.70,2017-05-30,2017-05-31,2017-06-01,2017-06-02,2017-06-05,2017-06-06,2017-06-07,33.11,33.49,34.17,35.20,34.71,37.27,38.59,2017-06-30,2017-07-31,2017-08-30,2017-10-02,2017-10-30,2017-11-30,2018-01-02
JMIA,25.46,31.91,43.04,40.07,35.15,33.37,36.01,2019-04-12,2019-04-15,2019-04-16,2019-04-17,2019-04-18,2019-04-22,2019-04-23,26.60,24.75,24.54,11.48,10.93,6.20,5.84,2019-05-13,2019-06-12,2019-07-12,2019-08-12,2019-09-12,2019-10-14,2019-11-12
KC,23.84,25.97,24.36,24.04,22.49,23.10,23.02,2020-05-08,2020-05-11,2020-05-12,2020-05-13,2020-05-14,2020-05-15,2020-05-18,20.00,40.07,33.01,31.87,30.50,36.70,41.61,2020-06-08,2020-07-08,2020-08-10,2020-09-08,2020-10-08,2020-11-09,2020-12-08
KNSL,18.35,18.27,18.41,18.60,18.25,18.34,18.81,2016-07-28,2016-07-29,2016-08-01,2016-08-02,2016-08-03,2016-08-04,2016-08-05,20.43,22.33,22.82,28.26,34.67,29.95,29.35,2016-08-29,2016-09-28,2016-10-28,2016-11-28,2016-12-28,2017-01-30,2017-02-28
KNTE,39.03,43.46,44.85,44.73,45.25,44.80,41.01,2020-12-03,2020-12-04,2020-12-07,2020-12-08,2020-12-09,2020-12-10,2020-12-11,,,,,,,,,,,,,,
KOD,10.16,10.43,10.02,9.90,9.70,9.90,10.05,2018-10-04,2018-10-05,2018-10-08,2018-10-09,2018-10-10,2018-10-11,2018-10-12,9.39,7.60,7.55,7.50,6.99,6.85,7.49,2018-11-05,2018-12-04,2019-01-04,2019-02-04,2019-03-04,2019-04-04,2019-05-06
KRON,27.07,29.00,29.29,31.57,31.79,32.06,33.10,2020-10-09,2020-10-12,2020-10-13,2020-10-14,2020-10-15,2020-10-16,2020-10-19,29.37,30.94,,,,,,2020-11-09,2020-12-09,,,,,
KROS,20.08,21.57,23.23,27.49,27.18,27.12,26.70,2020-04-08,2020-04-09,2020-04-13,2020-04-14,2020-04-15,2020-04-16,2020-04-17,27.39,35.10,34.40,36.16,48.50,46.32,54.47,2020-05-08,2020-06-08,2020-07-08,2020-08-10,2020-09-08,2020-10-08,2020-11-09
KRTX,20.02,21.00,21.70,24.45,27.35,24.30,23.51,2019-06-28,2019-07-01,2019-07-02,2019-07-03,2019-07-05,2019-07-08,2019-07-09,19.39,19.21,16.32,13.82,71.88,71.40,100.99,2019-07-29,2019-08-28,2019-09-30,2019-10-28,2019-11-29,2019-12-30,2020-01-28
KTB,36.28,32.97,31.15,29.30,29.05,30.75,31.38,2019-05-28,2019-05-29,2019-05-30,2019-05-31,2019-06-03,2019-06-04,2019-06-05,28.02,31.04,33.34,35.10,39.56,35.85,42.24,2019-06-28,2019-07-29,2019-08-28,2019-09-30,2019-10-28,2019-11-29,2019-12-30
KYMR,33.26,28.44,31.25,30.28,33.27,33.28,31.90,2020-08-21,2020-08-24,2020-08-25,2020-08-26,2020-08-27,2020-08-28,2020-08-31,29.22,34.57,47.84,,,,,2020-09-21,2020-10-21,2020-11-23,,,,
LAUR,13.25,13.00,13.27,13.38,13.41,13.13,13.13,2017-02-01,2017-02-02,2017-02-03,2017-02-06,2017-02-07,2017-02-08,2017-02-09,12.98,14.18,13.60,17.44,17.60,17.39,14.91,2017-03-01,2017-04-03,2017-05-01,2017-06-01,2017-07-03,2017-08-01,2017-09-01
LAZR,9.80,9.81,9.81,9.75,9.75,9.82,9.81,2019-03-25,2019-03-26,2019-03-27,2019-03-28,2019-03-29,2019-04-01,2019-04-02,9.85,9.90,10.10,10.05,10.10,10.10,10.20,2019-04-25,2019-05-28,2019-06-25,2019-07-25,2019-08-26,2019-09-25,2019-10-25
LEGN,37.00,36.10,37.50,38.05,36.25,38.04,38.45,2020-06-05,2020-06-08,2020-06-09,2020-06-10,2020-06-11,2020-06-12,2020-06-15,39.16,33.81,28.65,31.00,27.92,30.72,,2020-07-06,2020-08-05,2020-09-08,2020-10-05,2020-11-05,2020-12-07,
LESL,21.70,21.97,21.39,22.35,24.20,24.56,24.86,2020-10-29,2020-10-30,2020-11-02,2020-11-03,2020-11-04,2020-11-05,2020-11-06,20.69,,,,,,,2020-11-30,,,,,,
LEVI,22.41,22.12,21.77,22.08,22.30,22.69,23.55,2019-03-21,2019-03-22,2019-03-25,2019-03-26,2019-03-27,2019-03-28,2019-03-29,22.82,22.25,21.76,18.43,16.98,18.35,17.02,2019-04-22,2019-05-21,2019-06-21,2019-07-22,2019-08-21,2019-09-23,2019-10-21
LI,16.46,16.00,16.36,16.69,16.75,18.50,16.89,2020-07-30,2020-07-31,2020-08-03,2020-08-04,2020-08-05,2020-08-06,2020-08-07,16.30,17.39,20.17,35.99,,,,2020-08-31,2020-09-30,2020-10-30,2020-11-30,,,
LIN,7.94,7.81,7.87,7.62,7.69,7.56,7.69,1992-06-17,1992-06-18,1992-06-19,1992-06-22,1992-06-23,1992-06-24,1992-06-25,7.31,7.94,8.12,7.87,8.06,8.37,8.37,1992-07-17,1992-08-17,1992-09-17,1992-10-19,1992-11-17,1992-12-17,1993-01-18
LMND,69.41,81.19,78.79,68.51,77.01,84.66,78.50,2020-07-02,2020-07-06,2020-07-07,2020-07-08,2020-07-09,2020-07-10,2020-07-13,56.86,54.70,51.58,52.96,66.83,,,2020-08-03,2020-09-02,2020-10-02,2020-11-02,2020-12-02,,
LN,41.58,39.65,40.65,36.53,37.60,36.81,38.58,2016-07-14,2016-07-15,2016-07-18,2016-07-19,2016-07-20,2016-07-21,2016-07-22,46.07,44.05,44.99,37.39,34.64,36.90,32.02,2016-08-15,2016-09-14,2016-10-14,2016-11-14,2016-12-14,2017-01-17,2017-02-14
LPRO,9.65,9.65,9.65,9.65,9.65,9.65,9.65,2018-03-26,2018-03-27,2018-03-28,2018-03-29,2018-04-02,2018-04-03,2018-04-04,9.65,9.65,9.65,9.68,9.72,9.74,9.74,2018-04-26,2018-05-29,2018-06-26,2018-07-26,2018-08-27,2018-09-26,2018-10-26
LSPD,30.25,31.95,31.13,30.87,30.61,29.76,30.23,2020-09-11,2020-09-14,2020-09-15,2020-09-16,2020-09-17,2020-09-18,2020-09-21,38.05,40.17,59.07,,,,,2020-10-12,2020-11-11,2020-12-11,,,,
LSXMA,30.68,31.99,32.04,32.24,32.13,32.50,32.74,2016-04-18,2016-04-19,2016-04-20,2016-04-21,2016-04-22,2016-04-25,2016-04-26,30.97,30.35,32.84,32.61,32.85,32.40,35.82,2016-05-18,2016-06-20,2016-07-18,2016-08-18,2016-09-19,2016-10-18,2016-11-18
LSXMK,29.53,31.53,31.37,31.94,31.99,32.13,32.09,2016-04-18,2016-04-19,2016-04-20,2016-04-21,2016-04-22,2016-04-25,2016-04-26,30.69,29.68,32.68,32.20,32.21,32.19,35.42,2016-05-18,2016-06-20,2016-07-18,2016-08-18,2016-09-19,2016-10-18,2016-11-18
LTHM,16.97,16.25,16.00,16.05,16.40,16.38,16.34,2018-10-11,2018-10-12,2018-10-15,2018-10-16,2018-10-17,2018-10-18,2018-10-19,18.35,16.19,14.18,13.12,13.07,12.23,7.61,2018-11-12,2018-12-11,2019-01-11,2019-02-11,2019-03-11,2019-04-11,2019-05-13
LU,12.85,13.80,12.66,12.68,13.86,16.35,17.50,2020-10-30,2020-11-02,2020-11-03,2020-11-04,2020-11-05,2020-11-06,2020-11-09,16.47,,,,,,,2020-11-30,,,,,,
LUNG,39.31,41.90,46.22,46.79,47.10,43.12,42.25,2020-10-01,2020-10-02,2020-10-05,2020-10-06,2020-10-07,2020-10-08,2020-10-09,42.94,52.97,,,,,,2020-11-02,2020-12-01,,,,,
LW,30.33,29.89,30.19,30.43,31.70,32.51,32.68,2016-11-10,2016-11-11,2016-11-14,2016-11-15,2016-11-16,2016-11-17,2016-11-18,36.73,36.84,39.27,41.40,42.76,42.47,45.43,2016-12-12,2017-01-10,2017-02-10,2017-03-10,2017-04-10,2017-05-10,2017-06-12
LYFT,78.29,69.01,68.97,70.00,72.00,74.45,70.23,2019-03-29,2019-04-01,2019-04-02,2019-04-03,2019-04-04,2019-04-05,2019-04-08,60.59,56.26,62.00,64.03,49.73,40.84,43.68,2019-04-29,2019-05-29,2019-07-01,2019-07-29,2019-08-29,2019-09-30,2019-10-29
MAX,31.86,32.85,33.83,34.98,37.00,38.50,40.79,2020-10-28,2020-10-29,2020-10-30,2020-11-02,2020-11-03,2020-11-04,2020-11-05,37.75,,,,,,,2020-11-30,,,,,,
MCFE,18.70,18.79,18.70,18.68,17.15,16.65,16.76,2020-10-22,2020-10-23,2020-10-26,2020-10-27,2020-10-28,2020-10-29,2020-10-30,15.50,,,,,,,2020-11-23,,,,,,
MDB,32.07,30.68,30.50,30.57,31.00,31.10,30.89,2017-10-19,2017-10-20,2017-10-23,2017-10-24,2017-10-25,2017-10-26,2017-10-27,29.26,28.05,29.12,30.27,39.62,37.82,43.53,2017-11-20,2017-12-19,2018-01-19,2018-02-20,2018-03-19,2018-04-19,2018-05-21
MDLA,37.05,36.00,36.73,40.54,41.50,43.00,42.28,2019-07-19,2019-07-22,2019-07-23,2019-07-24,2019-07-25,2019-07-26,2019-07-29,37.68,30.04,26.30,30.68,31.41,31.10,30.54,2019-08-19,2019-09-19,2019-10-21,2019-11-19,2019-12-19,2020-01-21,2020-02-19
MEDP,27.79,28.04,29.22,29.32,28.14,27.77,28.53,2016-08-11,2016-08-12,2016-08-15,2016-08-16,2016-08-17,2016-08-18,2016-08-19,29.75,29.66,34.35,34.53,35.64,34.16,28.38,2016-09-12,2016-10-11,2016-11-11,2016-12-12,2017-01-11,2017-02-13,2017-03-13
MFGP,28.24,27.88,28.67,29.23,28.91,29.19,29.71,2017-08-17,2017-08-18,2017-08-21,2017-08-22,2017-08-23,2017-08-24,2017-08-25,32.43,32.17,35.44,33.71,30.19,28.70,14.01,2017-09-18,2017-10-17,2017-11-17,2017-12-18,2018-01-17,2018-02-20,2018-03-19
MGP,21.00,22.01,21.76,22.00,22.08,22.39,22.34,2016-04-19,2016-04-20,2016-04-21,2016-04-22,2016-04-25,2016-04-26,2016-04-27,22.78,26.87,26.72,25.96,25.40,25.99,24.37,2016-05-19,2016-06-20,2016-07-19,2016-08-19,2016-09-19,2016-10-19,2016-11-21
MGY,10.00,10.06,10.06,10.06,10.06,9.84,9.84,2017-06-29,2017-06-30,2017-07-03,2017-07-05,2017-07-06,2017-07-07,2017-07-10,9.90,9.78,9.77,9.77,9.69,9.74,9.73,2017-07-31,2017-08-29,2017-09-29,2017-10-30,2017-11-29,2017-12-29,2018-01-29
MNSO,20.88,23.18,20.88,20.00,21.05,20.15,19.42,2020-10-15,2020-10-16,2020-10-19,2020-10-20,2020-10-21,2020-10-22,2020-10-23,20.46,23.18,,,,,,2020-11-16,2020-12-15,,,,,
MOR,26.31,25.82,25.80,25.15,25.34,26.47,26.70,2018-04-19,2018-04-20,2018-04-23,2018-04-24,2018-04-25,2018-04-26,2018-04-27,26.08,29.23,33.89,28.56,27.36,24.08,27.73,2018-05-21,2018-06-19,2018-07-19,2018-08-20,2018-09-19,2018-10-19,2018-11-19
MP,15.09,15.73,16.75,18.80,22.23,22.29,21.71,2020-11-18,2020-11-19,2020-11-20,2020-11-23,2020-11-24,2020-11-25,2020-11-27,,,,,,,,,,,,,,
MPLN,9.80,9.80,9.81,9.78,9.76,9.77,9.80,2020-04-09,2020-04-13,2020-04-14,2020-04-15,2020-04-16,2020-04-17,2020-04-20,9.97,10.29,,,,9.68,8.67,2020-05-11,2020-06-09,2020-07-09,2020-08-10,2020-09-09,2020-10-09,2020-11-09
MRNA,18.60,18.80,18.01,18.68,18.76,18.32,17.00,2018-12-07,2018-12-10,2018-12-11,2018-12-12,2018-12-13,2018-12-14,2018-12-17,16.27,17.05,20.59,27.23,24.55,17.52,14.29,2019-01-07,2019-02-07,2019-03-07,2019-04-08,2019-05-07,2019-06-07,2019-07-08
MRSN,14.00,13.52,13.97,13.82,13.99,13.35,13.29,2017-06-28,2017-06-29,2017-06-30,2017-07-03,2017-07-05,2017-07-06,2017-07-07,14.61,16.40,17.46,15.97,18.87,17.67,15.94,2017-07-28,2017-08-28,2017-09-28,2017-10-30,2017-11-28,2017-12-28,2018-01-29
MRVI,29.85,29.00,26.29,26.96,29.16,28.15,27.79,2020-11-20,2020-11-23,2020-11-24,2020-11-25,2020-11-27,2020-11-30,2020-12-01,,,,,,,,,,,,,,
MSGE,88.51,80.25,75.19,76.00,74.60,68.06,65.33,2020-04-09,2020-04-13,2020-04-14,2020-04-15,2020-04-16,2020-04-17,2020-04-20,76.60,80.62,72.15,70.51,80.75,69.47,82.41,2020-05-11,2020-06-09,2020-07-09,2020-08-10,2020-09-09,2020-10-09,2020-11-09
MSP,27.10,28.02,29.00,27.90,29.00,29.06,29.15,2020-10-21,2020-10-22,2020-10-23,2020-10-26,2020-10-27,2020-10-28,2020-10-29,27.00,,,,,,,2020-11-23,,,,,,
MYOV,13.26,13.00,12.11,11.66,11.04,11.50,12.30,2016-10-27,2016-10-28,2016-10-31,2016-11-01,2016-11-02,2016-11-03,2016-11-04,12.90,10.93,10.95,11.23,11.88,13.04,13.58,2016-11-28,2016-12-27,2017-01-27,2017-02-27,2017-03-27,2017-04-27,2017-05-30
NARI,42.51,45.10,43.00,42.75,44.00,47.75,47.26,2020-05-22,2020-05-26,2020-05-27,2020-05-28,2020-05-29,2020-06-01,2020-06-02,47.00,53.72,70.43,64.03,64.48,68.00,,2020-06-22,2020-07-22,2020-08-24,2020-09-22,2020-10-22,2020-11-23,
NCNO,91.59,72.34,68.24,74.00,74.10,74.97,74.80,2020-07-14,2020-07-15,2020-07-16,2020-07-17,2020-07-20,2020-07-21,2020-07-22,80.25,76.57,76.49,72.03,80.28,,,2020-08-14,2020-09-14,2020-10-14,2020-11-16,2020-12-14,,
NET,18.00,18.63,18.75,19.59,18.75,19.87,20.96,2019-09-13,2019-09-16,2019-09-17,2019-09-18,2019-09-19,2019-09-20,2019-09-23,15.69,16.26,17.95,18.36,18.07,19.06,23.62,2019-10-14,2019-11-13,2019-12-13,2020-01-13,2020-02-13,2020-03-13,2020-04-13
NFE,13.07,13.95,13.99,13.98,14.00,14.06,14.00,2019-01-31,2019-02-01,2019-02-04,2019-02-05,2019-02-06,2019-02-07,2019-02-08,15.42,11.13,12.56,10.88,11.87,11.88,15.22,2019-02-28,2019-04-01,2019-04-30,2019-05-31,2019-07-01,2019-07-31,2019-09-03
NGM,14.70,15.10,15.79,16.60,16.22,16.00,16.06,2019-04-04,2019-04-05,2019-04-08,2019-04-09,2019-04-10,2019-04-11,2019-04-12,14.88,13.07,13.75,14.02,18.19,13.55,12.28,2019-05-06,2019-06-04,2019-07-05,2019-08-05,2019-09-04,2019-10-04,2019-11-04
NGVT,25.67,25.50,28.16,26.50,26.75,27.00,26.50,2016-05-03,2016-05-04,2016-05-05,2016-05-06,2016-05-09,2016-05-10,2016-05-11,31.74,34.70,37.94,45.31,44.32,44.15,49.96,2016-06-03,2016-07-05,2016-08-03,2016-09-06,2016-10-03,2016-11-03,2016-12-05
NIO,6.60,11.60,9.90,8.50,7.68,8.50,8.78,2018-09-12,2018-09-13,2018-09-14,2018-09-17,2018-09-18,2018-09-19,2018-09-20,7.46,6.65,7.54,6.80,7.44,6.39,4.99,2018-10-12,2018-11-12,2018-12-12,2019-01-14,2019-02-12,2019-03-12,2019-04-12
NIU,8.65,8.30,7.70,7.20,6.56,7.48,7.23,2018-10-19,2018-10-22,2018-10-23,2018-10-24,2018-10-25,2018-10-26,2018-10-29,7.68,6.51,7.73,7.52,7.90,9.20,8.54,2018-11-19,2018-12-19,2019-01-22,2019-02-19,2019-03-19,2019-04-22,2019-05-20
NKLA,9.58,9.56,9.57,9.57,9.57,9.58,9.57,2018-06-11,2018-06-12,2018-06-13,2018-06-14,2018-06-15,2018-06-18,2018-06-19,9.54,9.55,9.59,9.51,9.68,9.73,9.75,2018-07-11,2018-08-13,2018-09-11,2018-10-11,2018-11-12,2018-12-11,2019-01-11
NKTX,47.90,38.52,36.05,36.55,36.35,37.02,36.39,2020-07-10,2020-07-13,2020-07-14,2020-07-15,2020-07-16,2020-07-17,2020-07-20,23.52,31.41,29.85,29.71,71.74,,,2020-08-10,2020-09-10,2020-10-12,2020-11-10,2020-12-10,,
NNOX,21.70,26.70,28.90,27.58,24.77,25.98,27.56,2020-08-21,2020-08-24,2020-08-25,2020-08-26,2020-08-27,2020-08-28,2020-08-31,28.83,30.93,43.30,,,,,2020-09-21,2020-10-21,2020-11-23,,,,
NOVA,11.25,11.44,11.20,11.35,11.25,11.39,11.52,2019-07-25,2019-07-26,2019-07-29,2019-07-30,2019-07-31,2019-08-01,2019-08-02,8.67,12.03,10.81,10.04,11.69,12.91,17.94,2019-08-26,2019-09-25,2019-10-25,2019-11-25,2019-12-26,2020-01-27,2020-02-25
NRIX,19.01,19.57,18.93,19.27,19.04,19.39,19.12,2020-07-24,2020-07-27,2020-07-28,2020-07-29,2020-07-30,2020-07-31,2020-08-03,23.54,28.41,27.44,38.71,,,,2020-08-24,2020-09-24,2020-10-26,2020-11-24,,,
NTB,24.75,24.50,24.55,24.03,24.01,24.07,24.07,2016-09-16,2016-09-19,2016-09-20,2016-09-21,2016-09-22,2016-09-23,2016-09-26,25.72,29.70,31.77,31.68,32.79,32.80,31.37,2016-10-17,2016-11-16,2016-12-16,2017-01-17,2017-02-16,2017-03-16,2017-04-17
NTCO,19.46,19.79,20.11,20.21,20.53,21.03,21.36,2020-01-06,2020-01-07,2020-01-08,2020-01-09,2020-01-10,2020-01-13,2020-01-14,21.98,17.14,9.85,12.70,16.86,15.20,17.99,2020-02-06,2020-03-06,2020-04-06,2020-05-06,2020-06-08,2020-07-06,2020-08-06
NTLA,22.10,24.00,25.75,25.25,23.54,23.39,24.98,2016-05-06,2016-05-09,2016-05-10,2016-05-11,2016-05-12,2016-05-13,2016-05-16,29.27,19.20,19.37,19.76,16.54,14.67,16.00,2016-06-06,2016-07-06,2016-08-08,2016-09-06,2016-10-06,2016-11-07,2016-12-06
NTNX,37.00,44.46,38.09,36.18,36.70,38.15,34.81,2016-09-30,2016-10-03,2016-10-04,2016-10-05,2016-10-06,2016-10-07,2016-10-10,24.50,32.00,26.56,29.22,29.99,19.15,14.46,2016-10-31,2016-11-30,2016-12-30,2017-01-30,2017-02-28,2017-03-30,2017-05-01
NTR,54.75,55.36,55.55,55.73,53.84,52.68,51.90,2018-01-02,2018-01-03,2018-01-04,2018-01-05,2018-01-08,2018-01-09,2018-01-10,49.98,49.48,45.83,46.02,50.40,53.77,57.68,2018-02-02,2018-03-02,2018-04-02,2018-05-02,2018-06-04,2018-07-02,2018-08-02
NVST,27.95,28.00,28.77,28.50,28.22,27.74,27.68,2019-09-18,2019-09-19,2019-09-20,2019-09-23,2019-09-24,2019-09-25,2019-09-26,28.77,27.63,28.71,32.51,28.46,12.12,17.35,2019-10-18,2019-11-18,2019-12-18,2020-01-21,2020-02-18,2020-03-18,2020-04-20
NVT,22.51,23.02,23.25,22.85,,22.72,22.76,2018-04-24,2018-04-25,2018-04-26,2018-04-27,2018-04-30,2018-05-01,2018-05-02,26.57,25.66,25.45,27.98,29.37,21.29,25.72,2018-05-24,2018-06-25,2018-07-24,2018-08-24,2018-09-24,2018-10-24,2018-11-26
OCFT,9.75,9.84,9.87,9.88,9.85,9.90,9.85,2019-12-16,2019-12-17,2019-12-18,2019-12-19,2019-12-20,2019-12-23,2019-12-24,14.12,13.14,11.18,10.00,16.79,17.87,22.61,2020-01-16,2020-02-18,2020-03-16,2020-04-16,2020-05-18,2020-06-16,2020-07-16
OKTA,23.51,23.25,23.30,23.00,24.49,24.47,23.57,2017-04-07,2017-04-10,2017-04-11,2017-04-12,2017-04-13,2017-04-17,2017-04-18,23.73,25.69,23.40,23.44,27.12,28.00,28.53,2017-05-08,2017-06-07,2017-07-07,2017-08-07,2017-09-07,2017-10-09,2017-11-07
OLMA,49.00,48.90,52.78,47.11,49.50,49.80,51.00,2020-11-19,2020-11-20,2020-11-23,2020-11-24,2020-11-25,2020-11-27,2020-11-30,,,,,,,,,,,,,,
OM,60.68,60.03,58.02,60.01,55.00,53.63,54.35,2020-09-15,2020-09-16,2020-09-17,2020-09-18,2020-09-21,2020-09-22,2020-09-23,50.02,60.45,51.99,,,,,2020-10-15,2020-11-16,2020-12-15,,,,
ONEM,22.07,22.80,23.79,24.14,25.00,26.69,25.19,2020-01-31,2020-02-03,2020-02-04,2020-02-05,2020-02-06,2020-02-07,2020-02-10,20.42,18.15,24.67,34.01,36.32,29.61,29.17,2020-03-02,2020-03-31,2020-04-30,2020-06-01,2020-06-30,2020-07-31,2020-08-31
ORCC,15.49,15.49,15.49,15.60,15.55,15.57,15.59,2019-07-18,2019-07-19,2019-07-22,2019-07-23,2019-07-24,2019-07-25,2019-07-26,15.92,17.70,16.96,18.00,17.98,15.88,15.82,2019-08-19,2019-09-18,2019-10-18,2019-11-18,2019-12-18,2020-01-21,2020-02-18
OSH,40.00,39.00,44.00,44.57,44.25,46.39,46.64,2020-08-06,2020-08-07,2020-08-10,2020-08-11,2020-08-12,2020-08-13,2020-08-14,46.63,52.01,52.04,53.46,,,,2020-09-08,2020-10-06,2020-11-06,2020-12-07,,,
OTIS,45.25,45.00,40.00,40.00,41.01,45.00,45.24,2020-03-19,2020-03-20,2020-03-23,2020-03-24,2020-03-25,2020-03-26,2020-03-27,45.39,52.31,57.00,58.56,62.92,59.41,64.36,2020-04-20,2020-05-19,2020-06-19,2020-07-20,2020-08-19,2020-09-21,2020-10-19
OZON,39.01,40.00,40.02,40.19,42.81,49.33,47.85,2020-11-25,2020-11-27,2020-11-30,2020-12-01,2020-12-02,2020-12-03,2020-12-04,,,,,,,,,,,,,,
PAGS,29.20,29.30,29.19,27.98,27.47,27.94,27.50,2018-01-24,2018-01-25,2018-01-26,2018-01-29,2018-01-30,2018-01-31,2018-02-01,32.46,37.60,33.81,35.05,29.66,27.85,25.85,2018-02-26,2018-03-26,2018-04-24,2018-05-24,2018-06-25,2018-07-24,2018-08-24
PAYA,10.09,10.11,10.11,10.13,10.13,10.14,10.13,2020-04-17,2020-04-20,2020-04-21,2020-04-22,2020-04-23,2020-04-24,2020-04-27,10.15,,,,,12.15,10.50,2020-05-18,2020-06-17,2020-07-17,2020-08-17,2020-09-17,2020-10-19,2020-11-17
PCVX,26.15,28.52,32.90,34.00,34.07,35.45,32.36,2020-06-12,2020-06-15,2020-06-16,2020-06-17,2020-06-18,2020-06-19,2020-06-22,29.21,40.48,41.52,48.00,37.04,33.26,,2020-07-13,2020-08-12,2020-09-14,2020-10-12,2020-11-12,2020-12-14,
PD,38.25,39.50,39.17,38.05,40.00,39.15,39.39,2019-04-11,2019-04-12,2019-04-15,2019-04-16,2019-04-17,2019-04-18,2019-04-22,49.45,50.24,49.40,36.56,31.47,26.09,22.31,2019-05-13,2019-06-11,2019-07-11,2019-08-12,2019-09-11,2019-10-11,2019-11-11
PDD,26.70,24.60,22.50,22.59,20.31,19.66,19.07,2018-07-26,2018-07-27,2018-07-30,2018-07-31,2018-08-01,2018-08-02,2018-08-03,19.17,26.06,18.20,21.22,21.51,29.00,29.14,2018-08-27,2018-09-26,2018-10-26,2018-11-26,2018-12-26,2019-01-28,2019-02-26
PGNY,15.94,17.21,16.43,16.21,16.43,18.38,19.05,2019-10-25,2019-10-28,2019-10-29,2019-10-30,2019-10-31,2019-11-01,2019-11-04,25.72,26.27,31.62,27.59,18.97,21.20,24.06,2019-11-25,2019-12-26,2020-01-27,2020-02-25,2020-03-25,2020-04-27,2020-05-26
PHR,25.08,24.00,23.98,24.84,25.00,24.80,26.71,2019-07-18,2019-07-19,2019-07-22,2019-07-23,2019-07-24,2019-07-25,2019-07-26,26.86,27.38,28.03,28.38,26.65,28.33,32.73,2019-08-19,2019-09-18,2019-10-18,2019-11-18,2019-12-18,2020-01-21,2020-02-18
PING,20.11,19.31,18.81,18.51,18.00,17.04,16.52,2019-09-19,2019-09-20,2019-09-23,2019-09-24,2019-09-25,2019-09-26,2019-09-27,15.93,18.61,23.32,24.94,27.30,18.87,24.56,2019-10-21,2019-11-19,2019-12-19,2020-01-21,2020-02-19,2020-03-19,2020-04-20
PINS,24.40,24.99,25.85,26.80,28.80,29.85,34.26,2019-04-18,2019-04-22,2019-04-23,2019-04-24,2019-04-25,2019-04-26,2019-04-29,25.85,28.80,25.78,33.33,29.50,25.31,19.50,2019-05-20,2019-06-18,2019-07-18,2019-08-19,2019-09-18,2019-10-18,2019-11-18
PK,29.90,28.40,28.87,29.33,29.22,29.69,29.18,2017-01-04,2017-01-05,2017-01-06,2017-01-09,2017-01-10,2017-01-11,2017-01-12,26.60,27.10,26.13,26.04,27.24,27.02,26.44,2017-02-06,2017-03-06,2017-04-04,2017-05-04,2017-06-05,2017-07-05,2017-08-04
PLAN,24.30,24.30,23.02,25.43,24.50,24.48,24.51,2018-10-12,2018-10-15,2018-10-16,2018-10-17,2018-10-18,2018-10-19,2018-10-22,22.72,25.67,26.36,32.73,39.18,35.69,36.69,2018-11-12,2018-12-12,2019-01-14,2019-02-12,2019-03-12,2019-04-12,2019-05-13
PLMR,18.99,18.50,18.79,19.49,18.98,19.11,19.16,2019-04-17,2019-04-18,2019-04-22,2019-04-23,2019-04-24,2019-04-25,2019-04-26,22.30,24.80,24.84,36.86,34.30,42.16,47.87,2019-05-17,2019-06-17,2019-07-17,2019-08-19,2019-09-17,2019-10-17,2019-11-18
PLTR,9.50,9.46,9.20,9.03,9.90,10.00,10.00,2020-09-30,2020-10-01,2020-10-02,2020-10-05,2020-10-06,2020-10-07,2020-10-08,10.13,27.11,,,,,,2020-10-30,2020-11-30,,,,,
PMVP,37.51,36.19,38.00,35.50,34.49,33.00,32.95,2020-09-25,2020-09-28,2020-09-29,2020-09-30,2020-10-01,2020-10-02,2020-10-05,34.74,34.48,,,,,,2020-10-26,2020-11-25,,,,,
PNTG,15.09,16.66,15.35,16.00,17.81,18.63,20.62,2019-10-01,2019-10-02,2019-10-03,2019-10-04,2019-10-07,2019-10-08,2019-10-09,20.07,23.07,32.16,26.20,26.91,13.89,18.85,2019-11-01,2019-12-02,2020-01-02,2020-02-03,2020-03-02,2020-04-01,2020-05-01
PPD,30.00,30.92,31.89,32.87,32.25,31.86,31.55,2020-02-06,2020-02-07,2020-02-10,2020-02-11,2020-02-12,2020-02-13,2020-02-14,28.60,18.92,24.43,26.82,27.43,31.76,33.55,2020-03-06,2020-04-06,2020-05-06,2020-06-08,2020-07-06,2020-08-06,2020-09-08
PQG,17.25,17.20,17.22,17.33,17.30,17.30,17.45,2017-09-29,2017-10-02,2017-10-03,2017-10-04,2017-10-05,2017-10-06,2017-10-09,16.88,15.60,16.45,16.65,13.40,13.97,13.90,2017-10-30,2017-11-29,2017-12-29,2018-01-29,2018-02-28,2018-03-29,2018-04-30
PRAX,27.80,27.25,27.75,29.92,32.00,30.99,31.00,2020-10-16,2020-10-19,2020-10-20,2020-10-21,2020-10-22,2020-10-23,2020-10-26,31.48,43.84,,,,,,2020-11-16,2020-12-16,,,,,
PRLD,26.20,27.79,28.84,30.13,33.50,33.01,34.61,2020-09-25,2020-09-28,2020-09-29,2020-09-30,2020-10-01,2020-10-02,2020-10-05,32.35,45.35,,,,,,2020-10-26,2020-11-25,,,,,
PRSP,24.55,23.30,22.45,22.67,23.11,24.29,24.03,2018-06-01,2018-06-04,2018-06-05,2018-06-06,2018-06-07,2018-06-08,2018-06-11,21.65,22.09,24.05,25.56,23.94,20.89,17.34,2018-07-02,2018-08-01,2018-09-04,2018-10-01,2018-11-01,2018-12-03,2019-01-02
PS,20.00,20.88,20.01,19.95,21.30,21.25,21.44,2018-05-17,2018-05-18,2018-05-21,2018-05-22,2018-05-23,2018-05-24,2018-05-25,28.27,25.76,30.51,33.55,25.74,19.78,21.13,2018-06-18,2018-07-17,2018-08-17,2018-09-17,2018-10-17,2018-11-19,2018-12-17
PSN,30.07,30.10,31.01,31.06,31.75,32.45,31.00,2019-05-08,2019-05-09,2019-05-10,2019-05-13,2019-05-14,2019-05-15,2019-05-16,31.84,36.62,37.28,34.29,32.36,38.13,39.95,2019-06-10,2019-07-08,2019-08-08,2019-09-09,2019-10-08,2019-11-08,2019-12-09
PSTH,21.60,21.95,22.40,22.50,22.63,23.10,23.11,2020-09-11,2020-09-14,2020-09-15,2020-09-16,2020-09-17,2020-09-18,2020-09-21,23.15,23.24,25.66,,,,,2020-10-12,2020-11-11,2020-12-11,,,,
PTON,25.76,25.24,25.10,22.51,22.60,22.33,23.01,2019-09-26,2019-09-27,2019-09-30,2019-10-01,2019-10-02,2019-10-03,2019-10-04,21.46,30.96,27.00,31.25,29.19,25.75,31.78,2019-10-28,2019-11-26,2019-12-26,2020-01-27,2020-02-26,2020-03-26,2020-04-27
PTVE,10.93,11.86,12.52,12.50,12.83,13.04,13.33,2020-09-17,2020-09-18,2020-09-21,2020-09-22,2020-09-23,2020-09-24,2020-09-25,14.28,15.52,,,,,,2020-10-19,2020-11-17,,,,,
QFIN,16.50,16.49,16.50,16.30,16.43,16.34,15.15,2018-12-14,2018-12-17,2018-12-18,2018-12-19,2018-12-20,2018-12-21,2018-12-24,10.05,12.60,12.80,17.20,19.80,14.35,10.95,2019-01-14,2019-02-14,2019-03-14,2019-04-15,2019-05-14,2019-06-14,2019-07-15
QS,9.90,9.86,9.82,9.88,9.79,9.80,9.81,2020-08-17,2020-08-18,2020-08-19,2020-08-20,2020-08-21,2020-08-24,2020-08-25,17.88,14.54,17.20,,,,,2020-09-17,2020-10-19,2020-11-17,,,,
RCUS,17.00,17.60,16.73,17.20,17.71,16.64,16.07,2018-03-15,2018-03-16,2018-03-19,2018-03-20,2018-03-21,2018-03-22,2018-03-23,16.71,16.13,16.02,11.69,12.97,12.94,12.31,2018-04-16,2018-05-15,2018-06-15,2018-07-16,2018-08-15,2018-09-17,2018-10-15
RDFN,21.70,24.13,26.48,31.06,27.20,25.84,25.27,2017-07-28,2017-07-31,2017-08-01,2017-08-02,2017-08-03,2017-08-04,2017-08-07,24.83,25.42,23.28,22.86,29.49,21.29,20.59,2017-08-28,2017-09-28,2017-10-30,2017-11-28,2017-12-28,2018-01-29,2018-02-28
REPL,15.16,15.00,15.10,15.13,15.00,15.00,15.09,2018-07-20,2018-07-23,2018-07-24,2018-07-25,2018-07-26,2018-07-27,2018-07-30,17.18,18.33,11.73,13.33,13.71,10.60,13.81,2018-08-20,2018-09-20,2018-10-22,2018-11-20,2018-12-20,2019-01-22,2019-02-20
RETA,13.07,14.28,13.85,14.30,15.34,18.71,17.45,2016-05-26,2016-05-27,2016-05-31,2016-06-01,2016-06-02,2016-06-03,2016-06-06,19.56,15.75,19.21,23.22,24.48,27.25,21.58,2016-06-27,2016-07-26,2016-08-26,2016-09-26,2016-10-26,2016-11-28,2016-12-27
REYN,28.55,29.61,30.06,29.96,31.16,30.20,31.49,2020-01-31,2020-02-03,2020-02-04,2020-02-05,2020-02-06,2020-02-07,2020-02-10,28.23,29.17,32.43,33.52,34.74,34.06,33.23,2020-03-02,2020-03-31,2020-04-30,2020-06-01,2020-06-30,2020-07-31,2020-08-31
REZI,25.82,21.06,21.05,22.00,23.78,24.71,24.09,2018-10-29,2018-10-30,2018-10-31,2018-11-01,2018-11-02,2018-11-05,2018-11-06,20.75,20.55,20.45,25.70,19.29,22.80,19.96,2018-11-29,2018-12-31,2019-01-29,2019-02-28,2019-03-29,2019-04-29,2019-05-29
RIDE,9.74,9.74,9.74,9.74,9.74,9.74,9.74,2019-04-18,2019-04-22,2019-04-23,2019-04-24,2019-04-25,2019-04-26,2019-04-29,9.81,9.71,9.77,9.79,9.90,9.92,9.92,2019-05-20,2019-06-18,2019-07-18,2019-08-19,2019-09-18,2019-10-18,2019-11-18
RKT,21.51,24.90,21.67,20.58,20.00,18.74,18.96,2020-08-06,2020-08-07,2020-08-10,2020-08-11,2020-08-12,2020-08-13,2020-08-14,22.74,21.72,21.31,19.70,,,,2020-09-08,2020-10-06,2020-11-06,2020-12-07,,,
RLAY,35.05,43.98,42.87,41.28,40.04,36.20,33.20,2020-07-16,2020-07-17,2020-07-20,2020-07-21,2020-07-22,2020-07-23,2020-07-24,33.74,38.92,40.57,49.62,45.09,,,2020-08-17,2020-09-16,2020-10-16,2020-11-16,2020-12-16,,
ROAD,12.10,12.05,12.05,12.02,12.00,12.03,12.14,2018-05-04,2018-05-07,2018-05-08,2018-05-09,2018-05-10,2018-05-11,2018-05-14,12.49,12.67,11.38,12.21,11.67,9.77,9.40,2018-06-04,2018-07-05,2018-08-06,2018-09-04,2018-10-04,2018-11-05,2018-12-04
ROKU,23.50,26.54,23.56,20.81,20.85,22.01,23.20,2017-09-28,2017-09-29,2017-10-02,2017-10-03,2017-10-04,2017-10-05,2017-10-06,19.50,46.43,53.19,42.36,40.77,31.30,32.54,2017-10-30,2017-11-28,2017-12-28,2018-01-29,2018-02-28,2018-03-28,2018-04-30
ROOT,27.00,25.80,23.97,23.69,22.75,23.03,23.76,2020-10-28,2020-10-29,2020-10-30,2020-11-02,2020-11-03,2020-11-04,2020-11-05,17.70,,,,,,,2020-11-30,,,,,,
RPAY,9.65,9.65,9.64,9.64,9.64,9.64,9.64,2018-07-17,2018-07-18,2018-07-19,2018-07-20,2018-07-23,2018-07-24,2018-07-25,9.70,9.70,9.71,9.75,9.90,9.93,10.10,2018-08-17,2018-09-17,2018-10-17,2018-11-19,2018-12-17,2019-01-17,2019-02-19
RPRX,44.50,48.61,50.90,49.00,51.29,50.95,50.25,2020-06-16,2020-06-17,2020-06-18,2020-06-19,2020-06-22,2020-06-23,2020-06-24,42.20,45.95,40.61,41.81,41.83,43.40,,2020-07-16,2020-08-17,2020-09-16,2020-10-16,2020-11-16,2020-12-16,
RPTX,30.80,32.99,32.95,32.90,32.60,32.30,31.25,2020-06-19,2020-06-22,2020-06-23,2020-06-24,2020-06-25,2020-06-26,2020-06-29,23.09,24.92,30.59,25.00,27.81,,,2020-07-20,2020-08-19,2020-09-21,2020-10-19,2020-11-19,,
RRR,18.70,18.73,18.64,18.87,18.96,18.78,18.80,2016-04-27,2016-04-28,2016-04-29,2016-05-02,2016-05-03,2016-05-04,2016-05-05,20.11,20.95,23.14,22.15,22.89,22.12,23.21,2016-05-27,2016-06-27,2016-07-27,2016-08-29,2016-09-27,2016-10-27,2016-11-28
RTLR,19.24,18.90,19.21,19.06,18.91,18.72,18.65,2019-05-23,2019-05-24,2019-05-28,2019-05-29,2019-05-30,2019-05-31,2019-06-03,19.23,18.80,17.52,18.25,15.95,15.40,17.73,2019-06-24,2019-07-23,2019-08-23,2019-09-23,2019-10-23,2019-11-25,2019-12-23
RVLV,34.00,33.30,35.45,36.51,40.40,42.01,40.87,2019-06-07,2019-06-10,2019-06-11,2019-06-12,2019-06-13,2019-06-14,2019-06-17,37.30,29.99,21.81,23.86,19.33,17.17,19.41,2019-07-08,2019-08-07,2019-09-09,2019-10-07,2019-11-07,2019-12-09,2020-01-07
RVMD,28.90,28.31,29.05,30.38,31.00,30.42,30.70,2020-02-13,2020-02-14,2020-02-18,2020-02-19,2020-02-20,2020-02-21,2020-02-24,24.78,23.73,34.39,38.86,28.00,27.24,28.10,2020-03-13,2020-04-13,2020-05-13,2020-06-15,2020-07-13,2020-08-13,2020-09-14
RXT,16.39,15.80,15.40,15.89,15.81,15.80,16.26,2020-08-05,2020-08-06,2020-08-07,2020-08-10,2020-08-11,2020-08-12,2020-08-13,18.94,18.87,17.08,18.57,,,,2020-09-08,2020-10-05,2020-11-05,2020-12-07,,,
SAFE,19.00,19.29,19.25,19.15,19.25,19.25,19.15,2017-06-22,2017-06-23,2017-06-26,2017-06-27,2017-06-28,2017-06-29,2017-06-30,19.23,19.17,19.10,18.41,18.47,17.57,17.68,2017-07-24,2017-08-22,2017-09-22,2017-10-23,2017-11-22,2017-12-22,2018-01-22
SAIL,13.00,13.09,13.57,15.10,15.80,15.56,14.78,2017-11-17,2017-11-20,2017-11-21,2017-11-22,2017-11-24,2017-11-27,2017-11-28,14.39,16.10,17.45,20.52,24.61,22.34,27.32,2017-12-18,2018-01-17,2018-02-20,2018-03-19,2018-04-17,2018-05-17,2018-06-18
SCPL,15.25,14.82,15.01,15.33,15.51,15.10,14.50,2019-05-03,2019-05-06,2019-05-07,2019-05-08,2019-05-09,2019-05-10,2019-05-13,15.40,13.35,10.41,9.13,10.28,9.81,12.53,2019-06-03,2019-07-03,2019-08-05,2019-09-03,2019-10-03,2019-11-04,2019-12-03
SDC,16.67,18.68,18.90,19.07,19.48,18.64,18.25,2019-09-12,2019-09-13,2019-09-16,2019-09-17,2019-09-18,2019-09-19,2019-09-20,9.70,11.08,7.80,10.20,14.91,5.30,4.12,2019-10-14,2019-11-12,2019-12-12,2020-01-13,2020-02-12,2020-03-12,2020-04-13
SDGR,28.64,31.92,28.94,26.79,27.13,26.60,26.90,2020-02-06,2020-02-07,2020-02-10,2020-02-11,2020-02-12,2020-02-13,2020-02-14,43.32,39.79,47.89,65.06,93.22,71.98,52.10,2020-03-06,2020-04-06,2020-05-06,2020-06-08,2020-07-06,2020-08-06,2020-09-08
SE,16.26,15.26,15.24,13.73,14.02,14.01,14.10,2017-10-20,2017-10-23,2017-10-24,2017-10-25,2017-10-26,2017-10-27,2017-10-30,15.49,12.22,12.59,12.33,10.72,11.38,13.61,2017-11-20,2017-12-20,2018-01-22,2018-02-20,2018-03-20,2018-04-20,2018-05-21
SEER,56.46,60.94,62.08,66.01,81.11,75.65,66.29,2020-12-04,2020-12-07,2020-12-08,2020-12-09,2020-12-10,2020-12-11,2020-12-14,,,,,,,,,,,,,,
SFIX,15.15,14.85,15.80,17.35,18.62,23.08,23.05,2017-11-17,2017-11-20,2017-11-21,2017-11-22,2017-11-24,2017-11-27,2017-11-28,23.85,21.50,19.93,19.93,21.53,20.97,27.50,2017-12-18,2018-01-17,2018-02-20,2018-03-19,2018-04-17,2018-05-17,2018-06-18
SHC,25.10,27.95,27.00,26.76,27.97,27.06,27.40,2020-11-20,2020-11-23,2020-11-24,2020-11-25,2020-11-27,2020-11-30,2020-12-01,,,,,,,,,,,,,,
SILK,36.18,35.80,34.99,37.00,37.04,36.66,35.49,2019-04-04,2019-04-05,2019-04-08,2019-04-09,2019-04-10,2019-04-11,2019-04-12,39.45,42.93,44.97,39.35,40.75,31.04,33.78,2019-05-06,2019-06-04,2019-07-05,2019-08-05,2019-09-04,2019-10-04,2019-11-04
SITE,26.67,28.20,28.70,27.96,29.28,28.52,29.00,2016-05-12,2016-05-13,2016-05-16,2016-05-17,2016-05-18,2016-05-19,2016-05-20,28.26,37.37,38.67,36.72,36.36,34.30,32.80,2016-06-13,2016-07-12,2016-08-12,2016-09-12,2016-10-12,2016-11-14,2016-12-12
SITM,13.00,18.65,18.05,17.15,17.01,17.49,17.40,2019-11-20,2019-11-21,2019-11-22,2019-11-25,2019-11-26,2019-11-27,2019-11-29,21.64,24.68,31.18,23.61,18.85,32.52,46.79,2019-12-20,2020-01-21,2020-02-20,2020-03-20,2020-04-20,2020-05-20,2020-06-22
SLQT,27.00,26.50,26.92,27.48,28.45,27.52,28.30,2020-05-21,2020-05-22,2020-05-26,2020-05-27,2020-05-28,2020-05-29,2020-06-01,25.57,21.66,19.78,20.85,18.73,21.26,,2020-06-22,2020-07-21,2020-08-21,2020-09-21,2020-10-21,2020-11-23,
SMAR,19.50,19.30,19.85,19.51,19.44,18.88,19.60,2018-04-27,2018-04-30,2018-05-01,2018-05-02,2018-05-03,2018-05-04,2018-05-07,22.78,25.04,21.92,29.92,30.71,22.59,24.47,2018-05-29,2018-06-27,2018-07-27,2018-08-27,2018-09-27,2018-10-29,2018-11-27
SMPL,12.00,12.00,12.23,12.00,11.99,11.95,11.80,2017-07-10,2017-07-11,2017-07-12,2017-07-13,2017-07-14,2017-07-17,2017-07-18,11.75,12.07,12.25,12.10,13.32,13.97,13.17,2017-08-10,2017-09-11,2017-10-10,2017-11-10,2017-12-11,2018-01-10,2018-02-12
SNAP,24.48,27.09,23.77,21.44,22.81,22.71,22.07,2017-03-02,2017-03-03,2017-03-06,2017-03-07,2017-03-08,2017-03-09,2017-03-10,22.35,21.99,21.09,17.59,12.65,14.49,14.88,2017-04-03,2017-05-02,2017-06-02,2017-07-03,2017-08-02,2017-09-05,2017-10-02
SNDR,19.00,19.00,19.31,18.69,18.96,18.98,19.00,2017-04-06,2017-04-07,2017-04-10,2017-04-11,2017-04-12,2017-04-13,2017-04-17,18.82,19.92,22.04,21.40,22.71,24.77,25.50,2017-05-08,2017-06-06,2017-07-06,2017-08-07,2017-09-06,2017-10-06,2017-11-06
SNOW,253.93,227.54,240.00,228.85,235.16,217.39,226.74,2020-09-16,2020-09-17,2020-09-18,2020-09-21,2020-09-22,2020-09-23,2020-09-24,242.52,241.85,329.97,,,,,2020-10-16,2020-11-16,2020-12-16,,,,
SOGO,13.50,13.85,13.82,13.00,12.69,13.27,13.19,2017-11-09,2017-11-10,2017-11-13,2017-11-14,2017-11-15,2017-11-16,2017-11-17,11.94,12.62,8.74,9.68,8.32,9.26,12.25,2017-12-11,2018-01-09,2018-02-09,2018-03-09,2018-04-09,2018-05-09,2018-06-11
SONO,19.91,20.95,19.35,19.15,18.14,16.69,18.49,2018-08-02,2018-08-03,2018-08-06,2018-08-07,2018-08-08,2018-08-09,2018-08-10,19.19,14.22,13.20,12.34,10.42,13.05,10.57,2018-09-04,2018-10-02,2018-11-02,2018-12-03,2019-01-02,2019-02-04,2019-03-04
SPCE,10.10,10.08,10.10,10.11,10.10,10.13,10.12,2017-09-29,2017-10-02,2017-10-03,2017-10-04,2017-10-05,2017-10-06,2017-10-09,10.22,9.97,10.09,10.06,10.05,10.03,10.06,2017-10-30,2017-11-29,2017-12-29,2018-01-29,2018-02-28,2018-03-29,2018-04-30
SPOT,149.01,144.22,143.99,147.92,150.00,154.90,149.57,2018-04-03,2018-04-04,2018-04-05,2018-04-06,2018-04-09,2018-04-10,2018-04-11,160.38,162.83,168.66,175.50,187.53,176.95,143.60,2018-05-03,2018-06-04,2018-07-03,2018-08-03,2018-09-04,2018-10-03,2018-11-05
SPT,16.60,16.75,16.78,16.56,16.02,16.00,15.98,2019-12-13,2019-12-16,2019-12-17,2019-12-18,2019-12-19,2019-12-20,2019-12-23,18.52,20.95,15.33,12.04,22.67,26.74,25.50,2020-01-13,2020-02-13,2020-03-13,2020-04-13,2020-05-13,2020-06-15,2020-07-13
SRRK,15.00,16.12,16.50,17.49,19.65,17.50,17.25,2018-05-25,2018-05-29,2018-05-30,2018-05-31,2018-06-01,2018-06-04,2018-06-05,19.75,15.40,18.80,24.60,23.86,23.29,21.26,2018-06-25,2018-07-25,2018-08-27,2018-09-25,2018-10-25,2018-11-26,2018-12-26
STEP,25.00,24.75,25.00,24.42,26.78,25.88,25.16,2020-09-16,2020-09-17,2020-09-18,2020-09-21,2020-09-22,2020-09-23,2020-09-24,26.25,28.88,32.22,,,,,2020-10-16,2020-11-16,2020-12-16,,,,
STNE,31.35,31.09,29.06,28.68,28.69,29.42,30.13,2018-10-25,2018-10-26,2018-10-29,2018-10-30,2018-10-31,2018-11-01,2018-11-02,21.70,17.46,23.09,29.35,40.44,26.93,26.39,2018-11-26,2018-12-26,2019-01-25,2019-02-25,2019-03-25,2019-04-25,2019-05-28
STOK,25.57,26.00,27.29,25.53,25.99,26.41,28.86,2019-06-19,2019-06-20,2019-06-21,2019-06-24,2019-06-25,2019-06-26,2019-06-27,23.45,31.60,22.05,22.72,23.86,28.08,23.35,2019-07-19,2019-08-19,2019-09-19,2019-10-21,2019-11-19,2019-12-19,2020-01-21
STTK,19.35,19.00,20.04,19.20,19.54,20.00,20.34,2020-10-09,2020-10-12,2020-10-13,2020-10-14,2020-10-15,2020-10-16,2020-10-19,23.46,33.79,,,,,,2020-11-09,2020-12-09,,,,,
SUMO,26.88,25.60,23.64,24.95,23.74,23.57,22.20,2020-09-17,2020-09-18,2020-09-21,2020-09-22,2020-09-23,2020-09-24,2020-09-25,21.43,19.45,,,,,,2020-10-19,2020-11-17,,,,,
SVMK,17.24,16.12,16.03,15.70,14.29,14.74,13.48,2018-09-26,2018-09-27,2018-09-28,2018-10-01,2018-10-02,2018-10-03,2018-10-04,11.39,13.32,11.34,12.90,13.09,16.82,17.74,2018-10-26,2018-11-26,2018-12-26,2019-01-28,2019-02-26,2019-03-26,2019-04-26
SWAV,29.41,31.61,31.43,30.00,30.01,30.09,38.10,2019-03-07,2019-03-08,2019-03-11,2019-03-12,2019-03-13,2019-03-14,2019-03-15,29.80,46.06,62.91,49.84,42.14,34.71,31.80,2019-04-08,2019-05-07,2019-06-07,2019-07-08,2019-08-07,2019-09-09,2019-10-07
SWCH,20.84,19.01,19.96,19.08,19.71,19.72,19.88,2017-10-06,2017-10-09,2017-10-10,2017-10-11,2017-10-12,2017-10-13,2017-10-16,18.26,16.85,17.99,15.10,14.90,14.64,15.44,2017-11-06,2017-12-06,2018-01-08,2018-02-06,2018-03-06,2018-04-06,2018-05-07
SWI,15.03,15.44,15.00,14.50,14.54,14.21,14.25,2018-10-19,2018-10-22,2018-10-23,2018-10-24,2018-10-25,2018-10-26,2018-10-29,14.75,14.00,16.48,19.10,20.16,19.06,19.16,2018-11-19,2018-12-19,2019-01-22,2019-02-19,2019-03-19,2019-04-22,2019-05-20
SWTX,22.63,23.73,23.56,24.01,24.85,26.16,27.82,2019-09-13,2019-09-16,2019-09-17,2019-09-18,2019-09-19,2019-09-20,2019-09-23,19.03,17.98,28.90,35.48,31.74,28.02,27.94,2019-10-14,2019-11-13,2019-12-13,2020-01-13,2020-02-13,2020-03-13,2020-04-13
TBIO,11.52,12.65,13.00,12.92,13.17,13.25,13.30,2018-06-28,2018-06-29,2018-07-02,2018-07-03,2018-07-05,2018-07-06,2018-07-09,12.21,10.70,10.00,5.39,7.35,7.28,5.61,2018-07-30,2018-08-28,2018-09-28,2018-10-29,2018-11-28,2018-12-28,2019-01-28
TENB,30.25,30.50,29.72,29.90,29.85,30.50,29.93,2018-07-26,2018-07-27,2018-07-30,2018-07-31,2018-08-01,2018-08-02,2018-08-03,31.71,38.04,27.89,27.71,23.44,26.83,30.82,2018-08-27,2018-09-26,2018-10-26,2018-11-26,2018-12-26,2019-01-28,2019-02-26
TME,14.00,13.51,12.81,12.13,12.30,12.18,12.19,2018-12-12,2018-12-13,2018-12-14,2018-12-17,2018-12-18,2018-12-19,2018-12-20,12.20,16.01,18.30,18.29,16.00,14.08,15.71,2019-01-14,2019-02-12,2019-03-12,2019-04-12,2019-05-13,2019-06-12,2019-07-12
TPIC,13.56,13.25,13.83,14.31,14.23,14.62,14.89,2016-07-22,2016-07-25,2016-07-26,2016-07-27,2016-07-28,2016-07-29,2016-08-01,18.93,21.06,17.91,14.55,15.90,18.18,20.32,2016-08-22,2016-09-22,2016-10-24,2016-11-22,2016-12-22,2017-01-23,2017-02-22
TPTX,28.90,26.67,27.06,28.32,28.24,29.37,31.28,2019-04-17,2019-04-18,2019-04-22,2019-04-23,2019-04-24,2019-04-25,2019-04-26,34.27,42.63,41.82,47.01,44.81,36.55,50.51,2019-05-17,2019-06-17,2019-07-17,2019-08-19,2019-09-17,2019-10-17,2019-11-18
TTD,30.10,28.90,27.66,27.77,29.98,33.39,28.99,2016-09-21,2016-09-22,2016-09-23,2016-09-26,2016-09-27,2016-09-28,2016-09-29,27.48,29.33,30.36,29.79,35.00,37.55,35.98,2016-10-21,2016-11-21,2016-12-21,2017-01-23,2017-02-21,2017-03-21,2017-04-21
TW,35.81,36.58,39.22,38.60,40.26,42.06,41.87,2019-04-04,2019-04-05,2019-04-08,2019-04-09,2019-04-10,2019-04-11,2019-04-12,40.25,43.52,46.32,45.31,42.12,39.65,40.74,2019-05-06,2019-06-04,2019-07-05,2019-08-05,2019-09-04,2019-10-04,2019-11-04
TWLO,28.79,26.30,27.25,29.92,37.08,36.50,34.03,2016-06-23,2016-06-24,2016-06-27,2016-06-28,2016-06-29,2016-06-30,2016-07-01,40.75,56.08,64.07,40.73,35.68,32.22,28.50,2016-07-25,2016-08-23,2016-09-23,2016-10-24,2016-11-23,2016-12-23,2017-01-23
TWST,14.00,14.10,14.00,14.30,15.83,16.03,19.00,2018-10-31,2018-11-01,2018-11-02,2018-11-05,2018-11-06,2018-11-07,2018-11-08,26.46,23.09,23.13,21.77,24.20,23.66,25.81,2018-11-30,2018-12-31,2019-01-31,2019-02-28,2019-04-01,2019-04-30,2019-05-31
TXG,52.75,52.27,55.20,56.78,62.00,61.12,60.50,2019-09-12,2019-09-13,2019-09-16,2019-09-17,2019-09-18,2019-09-19,2019-09-20,50.26,59.65,61.54,83.72,86.66,59.60,64.89,2019-10-14,2019-11-12,2019-12-12,2020-01-13,2020-02-12,2020-03-12,2020-04-13
U,68.35,72.96,84.82,81.85,83.20,89.85,95.80,2020-09-18,2020-09-21,2020-09-22,2020-09-23,2020-09-24,2020-09-25,2020-09-28,89.30,115.01,,,,,,2020-10-19,2020-11-18,,,,,
UA,84.26,84.59,84.58,84.94,84.39,84.49,86.24,2015-07-01,2015-07-02,2015-07-06,2015-07-07,2015-07-08,2015-07-09,2015-07-10,98.26,93.16,98.84,95.70,87.18,79.66,85.13,2015-08-03,2015-09-01,2015-10-01,2015-11-02,2015-12-01,2016-01-04,2016-02-01
UBER,41.57,37.10,39.96,41.29,43.00,41.91,41.59,2019-05-10,2019-05-13,2019-05-14,2019-05-15,2019-05-16,2019-05-17,2019-05-20,42.61,43.70,37.00,33.51,28.87,27.14,27.89,2019-06-10,2019-07-10,2019-08-12,2019-09-10,2019-10-10,2019-11-11,2019-12-10
UPWK,21.18,20.96,20.99,20.04,19.94,20.00,19.04,2018-10-03,2018-10-04,2018-10-05,2018-10-08,2018-10-09,2018-10-10,2018-10-11,19.34,18.89,17.87,18.99,22.92,19.95,20.70,2018-11-05,2018-12-03,2019-01-03,2019-02-04,2019-03-04,2019-04-03,2019-05-03
USFD,24.91,25.03,24.99,25.35,25.28,25.29,25.31,2016-05-26,2016-05-27,2016-05-31,2016-06-01,2016-06-02,2016-06-03,2016-06-06,23.76,24.65,24.76,23.47,22.72,23.21,27.00,2016-06-27,2016-07-26,2016-08-26,2016-09-26,2016-10-26,2016-11-28,2016-12-27
VCTR,11.60,12.39,12.40,12.79,12.80,13.05,13.05,2018-02-08,2018-02-09,2018-02-12,2018-02-13,2018-02-14,2018-02-15,2018-02-16,13.00,10.65,10.53,11.38,10.01,9.93,9.38,2018-03-08,2018-04-09,2018-05-08,2018-06-08,2018-07-09,2018-08-08,2018-09-10
VERX,23.93,24.20,23.56,23.50,24.67,24.69,25.76,2020-07-29,2020-07-30,2020-07-31,2020-08-03,2020-08-04,2020-08-05,2020-08-06,25.61,23.31,24.46,25.24,,,,2020-08-31,2020-09-29,2020-10-29,2020-11-30,,,
VICI,20.10,20.16,20.20,20.20,20.20,20.21,20.00,2018-01-02,2018-01-03,2018-01-04,2018-01-05,2018-01-08,2018-01-09,2018-01-10,21.01,19.40,18.29,17.87,20.37,20.70,19.65,2018-02-02,2018-03-02,2018-04-02,2018-05-02,2018-06-04,2018-07-02,2018-08-02
VIE,23.41,23.12,21.74,21.05,19.11,18.75,19.20,2019-10-03,2019-10-04,2019-10-07,2019-10-08,2019-10-09,2019-10-10,2019-10-11,23.63,26.00,25.71,43.17,44.66,30.82,39.37,2019-11-04,2019-12-03,2020-01-03,2020-02-03,2020-03-03,2020-04-03,2020-05-04
VIR,14.02,13.79,14.26,14.80,14.22,13.66,14.41,2019-10-11,2019-10-14,2019-10-15,2019-10-16,2019-10-17,2019-10-18,2019-10-21,13.27,12.94,13.22,18.24,33.77,29.90,31.31,2019-11-11,2019-12-11,2020-01-13,2020-02-11,2020-03-11,2020-04-13,2020-05-11
VLDR,10.28,10.20,10.20,10.19,10.18,10.21,10.16,2020-04-02,2020-04-03,2020-04-06,2020-04-07,2020-04-08,2020-04-09,2020-04-13,10.24,10.39,,,,17.08,12.26,2020-05-04,2020-06-02,2020-07-02,2020-08-03,2020-09-02,2020-10-02,2020-11-02
VNE,42.00,40.50,41.05,41.25,41.00,40.58,39.95,2018-06-11,2018-06-12,2018-06-13,2018-06-14,2018-06-15,2018-06-18,2018-06-19,48.00,53.50,53.76,45.57,33.70,29.11,28.60,2018-07-11,2018-08-13,2018-09-11,2018-10-11,2018-11-12,2018-12-11,2019-01-11
VNT,28.28,27.85,26.76,28.01,27.75,28.26,28.25,2020-10-09,2020-10-12,2020-10-13,2020-10-14,2020-10-15,2020-10-16,2020-10-19,28.54,31.96,,,,,,2020-11-09,2020-12-09,,,,,
VRM,47.90,49.99,45.60,43.03,43.00,42.10,43.36,2020-06-09,2020-06-10,2020-06-11,2020-06-12,2020-06-15,2020-06-16,2020-06-17,48.95,64.00,57.20,49.52,38.20,33.26,,2020-07-09,2020-08-10,2020-09-09,2020-10-09,2020-11-09,2020-12-09,
VRRM,10.00,10.00,10.00,10.00,10.00,10.00,10.00,2017-03-24,2017-03-27,2017-03-28,2017-03-29,2017-03-30,2017-03-31,2017-04-03,10.00,10.00,10.02,10.00,9.98,9.98,9.98,2017-04-24,2017-05-24,2017-06-26,2017-07-24,2017-08-24,2017-09-25,2017-10-24
VRT,9.99,9.99,9.96,9.95,9.95,9.90,9.85,2018-08-02,2018-08-03,2018-08-06,2018-08-07,2018-08-08,2018-08-09,2018-08-10,9.79,9.73,9.75,9.82,9.75,9.83,9.95,2018-09-04,2018-10-02,2018-11-02,2018-12-03,2019-01-02,2019-02-04,2019-03-04
VST,15.50,15.75,15.90,16.00,16.35,16.35,16.10,2016-10-05,2016-10-06,2016-10-07,2016-10-10,2016-10-11,2016-10-12,2016-10-13,14.10,14.45,16.19,17.15,16.17,16.48,15.03,2016-11-07,2016-12-05,2017-01-05,2017-02-06,2017-03-06,2017-04-05,2017-05-05
VVNT,9.75,9.75,9.70,9.70,9.70,9.70,9.70,2017-12-11,2017-12-12,2017-12-13,2017-12-14,2017-12-15,2017-12-18,2017-12-19,9.70,9.60,9.65,9.72,9.66,9.71,9.70,2018-01-11,2018-02-12,2018-03-12,2018-04-11,2018-05-11,2018-06-11,2018-07-11
VVV,23.10,23.98,23.68,23.85,23.50,23.49,23.21,2016-09-23,2016-09-26,2016-09-27,2016-09-28,2016-09-29,2016-09-30,2016-10-03,21.35,21.00,21.59,21.89,22.80,23.76,22.82,2016-10-24,2016-11-23,2016-12-23,2017-01-23,2017-02-23,2017-03-23,2017-04-24
WBT,14.80,14.17,14.14,14.61,14.67,13.98,14.48,2016-03-08,2016-03-09,2016-03-10,2016-03-11,2016-03-14,2016-03-15,2016-03-16,15.02,15.16,17.27,16.85,18.42,16.77,15.84,2016-04-08,2016-05-09,2016-06-08,2016-07-08,2016-08-08,2016-09-08,2016-10-10
WH,61.64,61.64,58.25,58.25,57.65,58.49,59.84,2018-05-21,2018-05-22,2018-05-23,2018-05-24,2018-05-25,2018-05-29,2018-05-30,62.09,57.78,56.75,55.13,48.16,47.53,44.00,2018-06-21,2018-07-23,2018-08-21,2018-09-21,2018-10-22,2018-11-21,2018-12-21
WHD,20.25,20.40,20.90,21.43,22.00,23.41,24.57,2018-02-08,2018-02-09,2018-02-12,2018-02-13,2018-02-14,2018-02-15,2018-02-16,26.03,26.66,29.33,33.00,35.60,34.56,35.10,2018-03-08,2018-04-09,2018-05-08,2018-06-08,2018-07-09,2018-08-08,2018-09-10
WMG,30.12,30.00,29.94,31.00,32.00,31.05,29.99,2020-06-03,2020-06-04,2020-06-05,2020-06-08,2020-06-09,2020-06-10,2020-06-11,29.79,29.94,28.60,28.33,26.65,29.97,,2020-07-06,2020-08-03,2020-09-03,2020-10-05,2020-11-03,2020-12-03,
WORK,38.62,37.22,35.76,35.20,37.19,36.25,37.50,2019-06-20,2019-06-21,2019-06-24,2019-06-25,2019-06-26,2019-06-27,2019-06-28,33.25,30.50,25.37,22.58,21.70,21.51,22.31,2019-07-22,2019-08-20,2019-09-20,2019-10-21,2019-11-20,2019-12-20,2020-01-21
XP,34.46,34.64,37.71,35.80,34.30,38.10,37.76,2019-12-11,2019-12-12,2019-12-13,2019-12-16,2019-12-17,2019-12-18,2019-12-19,37.54,38.99,23.24,21.18,25.35,39.01,45.73,2020-01-13,2020-02-11,2020-03-11,2020-04-13,2020-05-11,2020-06-11,2020-07-13
XPEV,21.22,22.79,20.50,21.61,21.09,20.03,19.03,2020-08-27,2020-08-28,2020-08-31,2020-09-01,2020-09-02,2020-09-03,2020-09-04,19.06,19.90,64.28,,,,,2020-09-28,2020-10-27,2020-11-27,,,,
YALA,7.00,6.92,6.70,6.60,7.41,8.08,9.00,2020-09-30,2020-10-01,2020-10-02,2020-10-05,2020-10-06,2020-10-07,2020-10-08,8.41,15.41,,,,,,2020-10-30,2020-11-30,,,,,
YETI,17.00,16.45,15.41,15.26,15.93,16.16,16.50,2018-10-25,2018-10-26,2018-10-29,2018-10-30,2018-10-31,2018-11-01,2018-11-02,17.92,14.10,17.75,23.62,30.02,33.35,26.97,2018-11-26,2018-12-26,2019-01-25,2019-02-25,2019-03-25,2019-04-25,2019-05-28
YEXT,13.41,13.55,14.01,14.04,13.81,13.44,13.74,2017-04-13,2017-04-17,2017-04-18,2017-04-19,2017-04-20,2017-04-21,2017-04-24,13.63,12.57,13.53,13.99,14.47,12.45,12.53,2017-05-15,2017-06-13,2017-07-13,2017-08-14,2017-09-13,2017-10-13,2017-11-13
YMAB,24.00,26.97,25.28,24.72,25.03,26.56,26.05,2018-09-21,2018-09-24,2018-09-25,2018-09-26,2018-09-27,2018-09-28,2018-10-01,21.93,24.85,16.92,20.66,22.68,24.41,24.12,2018-10-22,2018-11-21,2018-12-21,2019-01-22,2019-02-21,2019-03-21,2019-04-22
YQ,10.57,12.11,15.06,20.18,17.30,16.32,14.95,2020-12-04,2020-12-07,2020-12-08,2020-12-09,2020-12-10,2020-12-11,2020-12-14,,,,,,,,,,,,,,
YSG,18.40,20.03,18.24,17.15,16.86,17.58,16.71,2020-11-19,2020-11-20,2020-11-23,2020-11-24,2020-11-25,2020-11-27,2020-11-30,,,,,,,,,,,,,,
YUMC,25.65,24.44,24.26,24.26,24.92,25.23,24.52,2016-10-17,2016-10-18,2016-10-19,2016-10-20,2016-10-21,2016-10-24,2016-10-25,27.09,25.92,26.67,26.57,26.28,32.94,34.64,2016-11-17,2016-12-19,2017-01-17,2017-02-17,2017-03-17,2017-04-17,2017-05-17
ZEAL,17.82,18.19,17.90,17.88,17.89,17.89,17.81,2017-08-09,2017-08-10,2017-08-11,2017-08-14,2017-08-15,2017-08-16,2017-08-17,20.10,19.02,13.91,13.84,14.77,15.28,16.01,2017-09-11,2017-10-09,2017-11-09,2017-12-11,2018-01-09,2018-02-09,2018-03-09
ZI,34.00,38.89,44.69,50.00,50.30,49.50,51.22,2020-06-04,2020-06-05,2020-06-08,2020-06-09,2020-06-10,2020-06-11,2020-06-12,45.99,44.15,32.61,43.99,38.92,46.11,,2020-07-06,2020-08-04,2020-09-04,2020-10-05,2020-11-04,2020-12-04,
ZLAB,27.93,31.11,27.73,27.01,27.69,27.62,27.03,2017-09-20,2017-09-21,2017-09-22,2017-09-25,2017-09-26,2017-09-27,2017-09-28,28.24,24.66,22.86,23.74,24.25,21.14,20.94,2017-10-20,2017-11-20,2017-12-20,2018-01-22,2018-02-20,2018-03-20,2018-04-20
ZM,62.00,65.70,69.00,63.20,65.00,66.22,68.17,2019-04-18,2019-04-22,2019-04-23,2019-04-24,2019-04-25,2019-04-26,2019-04-29,84.67,99.64,95.19,93.17,84.55,66.08,70.08,2019-05-20,2019-06-18,2019-07-18,2019-08-19,2019-09-18,2019-10-18,2019-11-18
ZNTL,23.20,24.39,23.75,24.80,24.31,23.90,25.12,2020-04-03,2020-04-06,2020-04-07,2020-04-08,2020-04-09,2020-04-13,2020-04-14,31.93,50.81,44.09,34.96,28.93,35.05,38.10,2020-05-04,2020-06-03,2020-07-06,2020-08-03,2020-09-03,2020-10-05,2020-11-03
ZS,33.00,27.90,30.38,31.08,29.83,29.43,27.83,2018-03-16,2018-03-19,2018-03-20,2018-03-21,2018-03-22,2018-03-23,2018-03-26,28.99,27.09,40.40,41.12,39.10,40.26,38.96,2018-04-16,2018-05-16,2018-06-18,2018-07-16,2018-08-16,2018-09-17,2018-10-16
ZTO,16.57,16.99,16.93,16.00,16.00,15.99,15.20,2016-10-27,2016-10-28,2016-10-31,2016-11-01,2016-11-02,2016-11-03,2016-11-04,15.81,12.59,12.42,14.57,12.63,13.59,14.14,2016-11-28,2016-12-27,2017-01-27,2017-02-27,2017-03-27,2017-04-27,2017-05-30
ZUO,20.00,20.60,20.60,19.55,19.56,19.65,19.72,2018-04-12,2018-04-13,2018-04-16,2018-04-17,2018-04-18,2018-04-19,2018-04-20,19.89,29.00,25.89,29.38,26.01,18.10,20.33,2018-05-14,2018-06-12,2018-07-12,2018-08-13,2018-09-12,2018-10-12,2018-11-12
ZYME,13.00,13.07,13.10,13.28,13.11,13.05,13.03,2017-04-28,2017-05-01,2017-05-02,2017-05-03,2017-05-04,2017-05-05,2017-05-08,12.17,8.77,7.24,7.78,7.95,8.39,8.25,2017-05-30,2017-06-28,2017-07-28,2017-08-28,2017-09-28,2017-10-30,2017-11-28

